date,FXUSDCAD,log_fx,diff_log_fx
2017-01-13,1.3141,0.27315202066745536,-0.005539759946192824
2017-01-20,1.3356,0.28938062908736234,0.016228608419906976
2017-01-27,1.3123,0.27178132292010393,-0.01759930616725841
2017-02-03,1.3016,0.26359427692269105,-0.008187045997412878
2017-02-10,1.3084,0.2688050166820918,0.005210739759400729
2017-02-17,1.3102,0.27017979731563896,0.001374780633547179
2017-02-24,1.3095,0.2696453849656296,-0.000534412350009339
2017-03-03,1.3405,0.29304267869387696,0.023397293728247337
2017-03-10,1.3464,0.2974343638944592,0.0043916852005822515
2017-03-17,1.3337,0.28795703464621186,-0.009477329248247346
2017-03-24,1.3374,0.29072743063774104,0.002770395991529173
2017-03-31,1.331,0.2859305394129745,-0.0047968912247665085
2017-04-07,1.3395,0.2922964100025263,0.006365870589551792
2017-04-14,1.3275,0.2832974741339568,-0.008998935868569535
2017-04-21,1.3506,0.3005489381586045,0.017251464024647722
2017-04-28,1.3662,0.31203316331561193,0.011484225157007422
2017-05-05,1.3712,0.3156862688613783,0.0036531055457663664
2017-05-12,1.3714,0.315832115868127,0.00014584700674868945
2017-05-19,1.3544,0.30335855183678856,-0.012473564031338424
2017-05-26,1.3456,0.2968400102365465,-0.006518541600242067
2017-06-02,1.3504,0.30040084485955565,0.003560834623009157
2017-06-09,1.3453,0.2966170365093601,-0.003783808350195539
2017-06-16,1.3232,0.28005304528728975,-0.016563991222070362
2017-06-23,1.3268,0.2827700280907603,0.0027169828034705468
2017-06-30,1.2977,0.26059346676104783,-0.022176561329712463
2017-07-07,1.2887,0.2536339583122084,-0.006959508448839413
2017-07-14,1.2672,0.23680974207802444,-0.01682421623418398
2017-07-21,1.2549,0.2270558881341253,-0.009753853943899132
2017-07-28,1.2447,0.21889453702479478,-0.008161351109330528
2017-08-04,1.2638,0.23412305535721786,0.015228518332423086
2017-08-11,1.2685,0.2378351000571995,0.003712044699981626
2017-08-18,1.2586,0.2299999921106961,-0.007835107946503383
2017-08-25,1.2492,0.22250334642678654,-0.007496645683909564
2017-09-01,1.239,0.2143046026470055,-0.008198743779781054
2017-09-08,1.2132,0.19326149683228905,-0.02104310581471644
2017-09-15,1.2182,0.19737435942024714,0.004112862587958094
2017-09-22,1.2317,0.20839532896530155,0.01102096954505441
2017-09-29,1.248,0.22154226994723591,0.013146940981934363
2017-10-06,1.2549,0.2270558881341253,0.005513618186889391
2017-10-13,1.2487,0.22210301013896233,-0.004952877995162974
2017-10-20,1.2601,0.23119108289351042,0.009088072754548093
2017-10-27,1.2874,0.2526246806363785,0.02143359774286807
2017-11-03,1.2764,0.24404361542195138,-0.008581065214427114
2017-11-10,1.2683,0.23767742109124682,-0.0063661943307045665
2017-11-17,1.2783,0.24553107019183898,0.007853649100592164
2017-11-24,1.2708,0.23964662341322399,-0.0058844467786149934
2017-12-01,1.2729,0.24129776189425176,0.0016511384810277696
2017-12-08,1.286,0.2515366258154277,0.010238863921175928
2017-12-15,1.2834,0.24951280633427797,-0.0020238194811497134
2017-12-22,1.2759,0.24365181194556051,-0.005860994388717455
2017-12-29,1.2545,0.22673708682433988,-0.016914725121220636
2018-01-05,1.2403,0.21535328583914679,-0.011383800985193093
2018-01-12,1.2504,0.22346350012512978,0.008110214285982992
2018-01-19,1.2459,0.2198581603226805,-0.0036053398024492866
2018-01-26,1.2321,0.20872003064848552,-0.011138129674194974
2018-02-02,1.238,0.21349717426240436,0.004777143613918844
2018-02-09,1.2609,0.23182575169704359,0.018328577434639226
2018-02-16,1.254,0.22633844221072896,-0.005487309486314623
2018-02-23,1.2668,0.23649403568234761,0.010155593471618651
2018-03-02,1.2891,0.253944300466922,0.0174502647845744
2018-03-09,1.284,0.24998020526776946,-0.003964095199152556
2018-03-16,1.3088,0.26911068686634554,0.019130481598576082
2018-03-23,1.2856,0.2512255354411658,-0.017885151425179713
2018-03-30,1.2894,0.2541769938943828,0.002951458453216982
2018-04-06,1.2764,0.24404361542195138,-0.010133378472431426
2018-04-13,1.2597,0.23087359737612026,-0.013170018045831122
2018-04-20,1.2728,0.24121919804144,0.010345600665319754
2018-04-27,1.2857,0.25130331710806614,0.010084119066626124
2018-05-04,1.2861,0.25161438328990404,0.0003110661818379046
2018-05-11,1.2779,0.24521810563252058,-0.006396277657383459
2018-05-18,1.288,0.2530906276821619,0.007872522049641312
2018-05-25,1.2974,0.26036226179681804,0.007271634114656145
2018-06-01,1.2964,0.25959119228525523,-0.0007710695115628052
2018-06-08,1.2962,0.2594369070114786,-0.00015428527377664425
2018-06-15,1.3177,0.27588779256906953,0.016450885557590944
2018-06-22,1.3308,0.2857802651621846,0.009892472593115043
2018-06-29,1.3168,0.2752045509406683,-0.010575714221516264
2018-07-06,1.3105,0.27040874378132396,-0.004795807159344356
2018-07-13,1.3171,0.2754323500228637,0.0050236062415397464
2018-07-20,1.3142,0.27322811548163045,-0.002204234541233252
2018-07-27,1.3062,0.26712215848641974,-0.006105956995210715
2018-08-03,1.2983,0.2610557163840707,-0.006066442102349023
2018-08-10,1.3113,0.2710190115552414,0.009963295171170672
2018-08-17,1.3081,0.26857570271204434,-0.002443308843197045
2018-08-24,1.3036,0.26512966798126947,-0.0034460347307748718
2018-08-31,1.3055,0.26658610915704656,0.00145644117577709
2018-09-07,1.3164,0.27490073808704785,0.008314628930001289
2018-09-14,1.3033,0.26489950955453695,-0.010001228532510897
2018-09-21,1.2916,0.25588175990198314,-0.009017749652553808
2018-09-28,1.2945,0.25812452020945525,0.0022427603074721136
2018-10-05,1.2936,0.2574290292807601,-0.0006954909286951416
2018-10-12,1.3031,0.2647460411687232,0.007317011887963076
2018-10-19,1.3104,0.2703324341166679,0.005586392947944718
2018-10-26,1.3108,0.2706376378425224,0.00030520372585451927
2018-11-02,1.3105,0.27040874378132396,-0.00022889406119847022
2018-11-09,1.3206,0.2780861787783339,0.007677434997009958
2018-11-16,1.3154,0.2741408018851135,-0.003945376893220387
2018-11-23,1.3228,0.2797507021255006,0.0056099002403871
2018-11-30,1.3301,0.28525412737711353,0.005503425251612903
2018-12-07,1.3299,0.2851037514369805,-0.00015037594013300737
2018-12-14,1.3379,0.29110122049743664,0.005997469060456118
2018-12-21,1.3566,0.3049815695298421,0.013880349032405481
2018-12-28,1.3638,0.3102749211044154,0.0052933515745732795
2019-01-04,1.341,0.29341560429954144,-0.01685931680487396
2019-01-11,1.3259,0.2820914741385361,-0.011324130161005364
2019-01-18,1.326,0.2821668917636708,7.541762513474382e-05
2019-01-25,1.3256,0.281865187130216,-0.00030170463345480236
2019-02-01,1.3095,0.2696453849656296,-0.012219802164586402
2019-02-08,1.327,0.28292075535007044,0.013275370384440821
2019-02-15,1.3266,0.2826192781093186,-0.00030147724075185733
2019-02-22,1.3173,0.27558418725364436,-0.00703509085567422
2019-03-01,1.326,0.2821668917636708,0.00658270451002646
2019-03-08,1.3422,0.2943100587420019,0.012143166978331066
2019-03-15,1.3342,0.28833186129327804,-0.005978197448723854
2019-03-22,1.3411,0.29349017273475736,0.005158311441479324
2019-03-29,1.3363,0.28990460080487823,-0.0035855719298791278
2019-04-05,1.3386,0.2916242916844048,0.0017196908795265586
2019-04-12,1.3329,0.2873570196278354,-0.0042672720565694044
2019-04-19,1.3382,0.29132542736657957,0.003968407738744184
2019-04-26,1.346,0.2971372312225361,0.005811803855956532
2019-05-03,1.3429,0.29483145460499255,-0.0023057766175435535
2019-05-10,1.3418,0.2940119961466507,-0.0008194584583418596
2019-05-17,1.3468,0.29773140830478234,0.003719412158131652
2019-05-24,1.3447,0.2961709398476872,-0.001560468457095121
2019-05-31,1.3527,0.30210259511301113,0.00593165526532391
2019-06-07,1.3283,0.2838999291563206,-0.01820266595669051
2019-06-14,1.3385,0.2915495839782702,0.00764965482194957
2019-06-21,1.3212,0.27854041453449746,-0.013009169443772728
2019-06-28,1.3087,0.26903427807929786,-0.009506136455199599
2019-07-05,1.3099,0.26995079842146624,0.000916520342168381
2019-07-12,1.3038,0.26528307750830193,-0.004667720913164308
2019-07-19,1.3071,0.267810942809369,0.002527865301067078
2019-07-26,1.3182,0.2762671696364825,0.0084562268271135
2019-08-02,1.3225,0.2795238847503174,0.003256715113834907
2019-08-09,1.3221,0.279221381533914,-0.0003025032164034047
2019-08-16,1.3286,0.28412575624900377,0.004904374715089754
2019-08-23,1.331,0.2859305394129745,0.0018047831639707579
2019-08-30,1.3295,0.2848029317009374,-0.0011276077120371264
2019-09-06,1.3174,0.27566009722445545,-0.009142834476481954
2019-09-13,1.3257,0.281940621822667,0.006280524598211545
2019-09-20,1.3275,0.2832974741339568,0.0013568523112897912
2019-09-27,1.3249,0.28133698489194037,-0.0019604892420164166
2019-10-04,1.3317,0.2864563215259623,0.00511933663402192
2019-10-11,1.3198,0.27748020996718425,-0.008976111558778033
2019-10-18,1.3132,0.2724669066453005,-0.005013303321883766
2019-10-25,1.3064,0.26727526267411833,-0.005191643971182158
2019-11-01,1.3157,0.27436884338965556,0.007093580715537229
2019-11-08,1.3223,0.27937264458064015,0.005003801190984591
2019-11-15,1.3231,0.2799774680662282,0.0006048234855880463
2019-11-22,1.3287,0.28420102061512514,0.004223552548896947
2019-11-29,1.3289,0.28435153235532495,0.00015051174019981017
2019-12-06,1.3255,0.2817897467469431,-0.002561785608381828
2019-12-13,1.3183,0.2763430277817872,-0.005446718965155917
2019-12-20,1.3164,0.27490073808704785,-0.0014422896947393626
2019-12-27,1.3078,0.26834633614503856,-0.006554401942009291
2020-01-03,1.2988,0.2614407612465538,-0.0069055748984847565
2020-01-10,1.3051,0.26627966619134485,0.004838904944791056
2020-01-17,1.3062,0.26712215848641974,0.0008424922950748814
2020-01-24,1.314,0.2730759200624188,0.005953761575999084
2020-01-31,1.3233,0.2801286167968666,0.007052696734447805
2020-02-07,1.3305,0.28555481143560685,0.005426194638740223
2020-02-14,1.3249,0.28133698489194037,-0.004217826543666481
2020-02-21,1.3224,0.2794482675246774,-0.001888717367262982
2020-02-28,1.3429,0.29483145460499255,0.015383187080315164
2020-03-06,1.3421,0.2942355514216232,-0.0005959031833693285
2020-03-13,1.3901,0.3293756870009098,0.03514013557928658
2020-03-20,1.4332,0.3599097064486617,0.030534019447751914
2020-03-27,1.4056,0.34046425789075035,-0.01944544855791136
2020-04-03,1.4142,0.3465640001880033,0.006099742297252964
2020-04-10,1.3985,0.3354002336598774,-0.011163766528125896
2020-04-17,1.4037,0.3391116075581432,0.0037113738982657574
2020-04-24,1.409,0.3428802329165432,0.003768625358400002
2020-05-01,1.4066,0.34117544489178087,-0.001704788024762316
2020-05-08,1.3934,0.3317468036138815,-0.009428641277899386
2020-05-15,1.4094,0.34316408191078507,0.011417278296903588
2020-05-22,1.4015,0.3375430916227059,-0.005620990288079164
2020-05-29,1.3787,0.32114102619544627,-0.016402065427259638
2020-06-05,1.3429,0.29483145460499255,-0.026309571590453718
2020-06-12,1.3596,0.30719053883982383,0.012359084234831286
2020-06-19,1.3587,0.30652836024814084,-0.0006621785916829936
2020-06-26,1.3676,0.3130573787830091,0.006529018534868258
2020-07-03,1.3565,0.3049078531168494,-0.008149525666159674
2020-07-10,1.3594,0.30704342593040074,0.002135572813551312
2020-07-17,1.3574,0.3055711052875209,-0.0014723206428798319
2020-07-24,1.3421,0.2942355514216232,-0.011335553865897685
2020-07-31,1.3404,0.29296807688101834,-0.0012674745406048848
2020-08-07,1.3377,0.2909517213194035,-0.0020163555616148354
2020-08-14,1.325,0.2814124594381855,-0.009539261881218009
2020-08-21,1.3205,0.2780104527550499,-0.0034020066831356166
2020-08-28,1.3097,0.26979810335322024,-0.008212349401829633
2020-09-04,1.3089,0.2691870898155365,-0.0006110135376837245
2020-09-11,1.3186,0.27657056769706223,0.007383477881525713
2020-09-18,1.3186,0.27657056769706223,0.0
2020-09-25,1.3396,0.2923710619379124,0.01580049424085017
2020-10-02,1.331,0.2859305394129745,-0.006440522524937875
2020-10-09,1.3136,0.2727714597160268,-0.01315907969694774
2020-10-16,1.3192,0.277025492263252,0.004254032547225228
2020-10-23,1.314,0.2730759200624188,-0.003949572200833196
2020-10-30,1.3318,0.28653141069438504,0.013455490631966216
2020-11-06,1.3039,0.26535977344728956,-0.021171637247095476
2020-11-13,1.3147,0.27360850272042153,0.008248729273131972
2020-11-20,1.3071,0.267810942809369,-0.005797559911052519
2020-11-27,1.2985,0.26120975212066605,-0.0066011906887029626
2020-12-04,1.2801,0.24693819987992693,-0.014271552240739116
2020-12-11,1.2769,0.24443526544849833,-0.0025029344314285995
2020-12-18,1.2775,0.2449050430957225,0.0004697776472241677
2020-12-25,1.2835,0.2495907213290581,0.0046856782333355995
2021-01-01,1.2732,0.24153341642580078,-0.008057304903257317
2021-01-08,1.2705,0.2394105237780817,-0.002122892647719088
2021-01-15,1.2727,0.24114062801586433,0.001730104237782637
2021-01-22,1.2716,0.24027595005451063,-0.0008646779613536992
2021-01-29,1.278,0.24529635595534308,0.005020405900832442
2021-02-05,1.2777,0.2450615866151405,-0.0002347693402025841
2021-02-12,1.2711,0.2398826673184861,-0.0051789192966543995
2021-02-19,1.2614,0.23222221524741385,-0.0076604520710722435
2021-02-26,1.2685,0.2378351000571995,0.00561288480978564
2021-03-05,1.2668,0.23649403568234761,-0.0013410643748518747
2021-03-12,1.2493,0.22258339445564657,-0.013910641226701048
2021-03-19,1.2506,0.22362343615106045,0.0010400416954138847
2021-03-26,1.258,0.2295231582782488,0.005899722127188339
2021-04-02,1.2565,0.22833007800150978,-0.0011930802767390059
2021-04-09,1.2544,0.22665737061400631,-0.0016727073875034693
2021-04-16,1.2503,0.2233835225188169,-0.0032738480951894078
2021-04-23,1.2489,0.22226316388690232,-0.001120358631914592
2021-04-30,1.2285,0.2057939129790967,-0.016469250907805627
2021-05-07,1.2156,0.19523778206050096,-0.010556130918595724
2021-05-14,1.2109,0.1913638847781836,-0.003873897282317351
2021-05-21,1.2061,0.18739201360706015,-0.0039718711711234644
2021-05-28,1.2086,0.18946266494532102,0.0020706513382608704
2021-06-04,1.2084,0.1892971705303798,-0.00016549441494120853
2021-06-11,1.2148,0.19457945418945674,0.005282283659076931
2021-06-18,1.2419,0.21664246497184983,0.02206301078239309
2021-06-25,1.2294,0.20652624549077206,-0.01011621948107777
2021-07-02,1.2353,0.21131385556063104,0.004787610069858977
2021-07-09,1.2476,0.22122170575151118,0.00990785019088014
2021-07-16,1.2593,0.23055601102966375,0.009334305278152571
2021-07-23,1.2575,0.22912562299175726,-0.0014303880379064882
2021-07-30,1.2462,0.22009892112798454,-0.009026701863772718
2021-08-06,1.255,0.22713557258374711,0.0070366514557625714
2021-08-13,1.2514,0.22426292458212613,-0.0028726480016209865
2021-08-20,1.2856,0.2512255354411658,0.0269626108590397
2021-08-27,1.2635,0.2338856478461119,-0.01733988759505392
2021-09-03,1.2518,0.22458251550846406,-0.009303132337647846
2021-09-10,1.2631,0.23356901679779243,0.008986501289328375
2021-09-17,1.2721,0.2406690781800282,0.007100061382235762
2021-09-24,1.268,0.2374408560150342,-0.0032282221649939935
2021-10-01,1.2654,0.2353882777306469,-0.002052578284387291
2021-10-08,1.2482,0.22170251351780554,-0.013685764212841373
2021-10-15,1.2379,0.21341639555562752,-0.008286117962178013
2021-10-22,1.2357,0.21163761112800772,-0.0017787844276198062
2021-10-29,1.2384,0.21382022385332558,0.0021826127253178618
2021-11-05,1.2452,0.21929615958531612,0.005475935731990539
2021-11-12,1.2565,0.22833007800150978,0.009033918416193665
2021-11-19,1.2639,0.2342021786709435,0.005872100669433722
2021-11-26,1.2771,0.24459188252007924,0.010389703849135734
2021-12-03,1.2812,0.24779713875286594,0.0032052562327866962
2021-12-10,1.2714,0.2401186555201714,-0.007678483232694544
2021-12-17,1.2846,0.250447385841555,0.010328730321383622
2021-12-24,1.2813,0.24787518753339352,-0.002572198308161494
2021-12-31,1.2678,0.237283114867929,-0.010592072665464525
2022-01-07,1.2666,0.23633614510019282,-0.0009469697677361721
2022-01-14,1.2545,0.22673708682433988,-0.009599058275852945
2022-01-21,1.2545,0.22673708682433988,0.0
2022-01-28,1.2772,0.24467018185848982,0.017933095034149943
2022-02-04,1.2758,0.24357343282571792,-0.0010967490327719043
2022-02-11,1.2702,0.23917436838673742,-0.004399064438980499
2022-02-18,1.2734,0.24169048860078798,0.0025161202140505656
2022-02-25,1.2747,0.24271085680673848,0.0010203682059505004
2022-03-04,1.275,0.2429461786103894,0.00023532180365090638
2022-03-11,1.272,0.24059046491793043,-0.0023557136924589606
2022-03-18,1.2617,0.23246001795155855,-0.008130446966371885
2022-03-25,1.2502,0.2233035385155749,-0.009156479435983633
2022-04-01,1.2512,0.22410309080890967,0.0007995522933347543
2022-04-08,1.2589,0.23023832379007644,0.006135232981166777
2022-04-15,1.2601,0.23119108289351042,0.0009527591034339811
2022-04-22,1.2702,0.23917436838673742,0.007983285493226994
2022-04-29,1.2792,0.24623488253760734,0.007060514150869918
2022-05-06,1.2882,0.2532458951306533,0.007011012593045984
2022-05-13,1.2953,0.25874232855407314,0.005496433423419822
2022-05-20,1.2829,0.24912314027315743,-0.009619188280915708
2022-05-27,1.2738,0.2420045589551284,-0.0071185813180290325
2022-06-03,1.2579,0.22944366386268963,-0.012560895092438767
2022-06-10,1.2777,0.2450615866151405,0.015617922752450858
2022-06-17,1.3035,0.26505295439141946,0.019991367776278968
2022-06-24,1.2933,0.2571970914390615,-0.007855862952357962
2022-07-01,1.2886,0.253556357722405,-0.003640733716656519
2022-07-08,1.2968,0.2598996914393293,0.006343333716924304
2022-07-15,1.3038,0.26528307750830193,0.005383386068972651
2022-07-22,1.2876,0.25278002044251613,-0.012503057065785805
2022-07-29,1.2824,0.24873332231320613,-0.004046698129309995
2022-08-05,1.2934,0.25727441003035545,0.008541087717149315
2022-08-12,1.2783,0.24553107019183898,-0.01174333983851647
2022-08-19,1.2991,0.26167171701955005,0.016140646827711075
2022-08-26,1.2989,0.2615177524311012,-0.00015396458844885164
2022-09-02,1.3121,0.271628907129533,0.010111154698431823
2022-09-09,1.3035,0.26505295439141946,-0.006575952738113566
2022-09-16,1.3285,0.28405048621773116,0.018997531826311698
2022-09-23,1.357,0.30527638085273207,0.021225894635000908
2022-09-30,1.3707,0.3153215582551985,0.01004517740246641
2022-10-07,1.3712,0.3156862688613783,0.0003647106061798189
2022-10-14,1.3856,0.3261332588260336,0.010446989964655318
2022-10-21,1.3713,0.3157591950236713,-0.010374063802362332
2022-10-28,1.3615,0.3085870331316772,-0.0071721618919941
2022-11-04,1.3517,0.3013630595076449,-0.007223973624032265
2022-11-11,1.3378,0.29102647370217066,-0.010336585805474252
2022-11-18,1.3385,0.2915495839782702,0.0005231102760995254
2022-11-25,1.3377,0.2909517213194035,-0.000597862658866688
2022-12-02,1.3468,0.29773140830478234,0.006779686985378841
2022-12-09,1.363,0.30968815271439554,0.011956744409613196
2022-12-16,1.3687,0.3138613842350836,0.004173231520688048
2022-12-23,1.3603,0.3077052636572473,-0.006156120577836266
2022-12-30,1.3544,0.30335855183678856,-0.00434671182045876
2023-01-06,1.3486,0.2990670173183445,-0.004291534518444051
2023-01-13,1.3406,0.2931172749417203,-0.005949742376624212
2023-01-20,1.3421,0.2942355514216232,0.0011182764799029243
2023-01-27,1.3314,0.2862310201844661,-0.008004531237157109
2023-02-03,1.3391,0.2919977465193834,0.005766726334917316
2023-02-10,1.3362,0.2898297645092399,-0.00216798201014351
2023-02-17,1.3487,0.2991411655406749,0.009311401031434963
2023-02-24,1.3622,0.30910103982508097,0.00995987428440609
2023-03-03,1.361,0.30821972366932904,-0.0008813161557519322
2023-03-10,1.3807,0.32259061693996965,0.014370893270640617
2023-03-17,1.3734,0.31728941720443893,-0.005301199735530726
2023-03-24,1.3763,0.31939873900334986,0.0021093217989109347
2023-03-31,1.3533,0.30254605410032287,-0.016852684903026993
2023-04-07,1.3478,0.29847363352997963,-0.004072420570343238
2023-04-14,1.3362,0.2898297645092399,-0.008643869020739714
2023-04-21,1.3539,0.30298931651892824,0.013159552009688325
2023-04-28,1.3578,0.3058657428854096,0.0028764263664813328
2023-05-05,1.3427,0.29468251209652535,-0.011183230788884224
2023-05-12,1.3534,0.30261994481598803,0.007937432719462678
2023-05-19,1.3503,0.3003267899848597,-0.0022931548311283523
2023-05-26,1.3623,0.3091744477898781,0.00884765780501845
2023-06-02,1.3435,0.2952781490734088,-0.013896298716469302
2023-06-09,1.3341,0.2882569072026234,-0.0070212418707854
2023-06-16,1.3198,0.27748020996718425,-0.01077669723543917
2023-06-23,1.3199,0.2775559761527719,7.576618558763348e-05
2023-06-30,1.324,0.2806574575148165,0.0031014813620446335
2023-07-07,1.3293,0.2846524878914164,0.003995030376599873
2023-07-14,1.3183,0.2763430277817872,-0.008309460109629185
2023-07-21,1.3212,0.27854041453449746,0.002197386752710251
2023-07-28,1.3232,0.28005304528728975,0.0015126307527922878
2023-08-04,1.3355,0.28930575356787847,0.009252708280588717
2023-08-11,1.3443,0.29587343147807,0.006567677910191527
2023-08-18,1.3552,0.3039490449156529,0.008075613437582896
2023-08-25,1.3606,0.3079257789288234,0.003976734013170502
2023-09-01,1.358,0.30601302913650447,-0.001912749792318924
2023-09-08,1.3632,0.3098348770929142,0.0038218479564097185
2023-09-15,1.3526,0.30202866615870255,-0.007806210934211633
2023-09-22,1.3464,0.2974343638944592,-0.004594302264243344
2023-09-29,1.352,0.3015849776207724,0.0041506137263132015
2023-10-06,1.3683,0.31356909340362743,0.01198411578285502
2023-10-13,1.3661,0.31195996491130445,-0.0016091284923229754
2023-10-20,1.3695,0.3144457097209958,0.002485744809691326
2023-10-27,1.3857,0.3262054271225323,0.011759717401536529
2023-11-03,1.3683,0.31356909340362743,-0.01263633371890488
2023-11-10,1.3819,0.32345936382730184,0.009890270423674408
2023-11-17,1.3722,0.31641529127465345,-0.007044072552648384
2023-11-24,1.3623,0.3091744477898781,-0.007240843484775328
2023-12-01,1.3507,0.3006229765845814,-0.008551471205296701
2023-12-08,1.3588,0.3066019573042918,0.0059789807197103695
2023-12-15,1.3378,0.29102647370217066,-0.015575483602121132
2023-12-22,1.3258,0.2820160508251542,-0.009010422877016477
2023-12-29,1.3226,0.27959949625842495,-0.0024165545667292343
2024-01-05,1.3347,0.28870654749796876,0.009107051239543806
2024-01-12,1.3387,0.291698993809715,0.002992446311746222
2024-01-19,1.3462,0.29728580859447573,0.005586814784760752
2024-01-26,1.3449,0.29631966084736644,-0.0009661477471092916
2024-02-02,1.3454,0.29669136660936835,0.00037170576200190597
2024-02-09,1.3458,0.2969886317720807,0.0002972651627123346
2024-02-16,1.3484,0.29891870437776863,0.0019300726056879491
2024-02-23,1.3494,0.2996600492111879,0.0007413448334192552
2024-03-01,1.3564,0.30483413126934655,0.005174082058158669
2024-03-08,1.3471,0.2979541337223852,-0.006879997546961336
2024-03-15,1.3533,0.30254605410032287,0.004591920377937653
2024-03-22,1.3593,0.3069698613590651,0.004423807258742252
2024-03-29,1.355,0.3038014543316642,-0.003168407027400899
2024-04-05,1.3598,0.30733763011022214,0.003536175778557915
2024-04-12,1.3766,0.3196166909821268,0.012279060871904668
2024-04-19,1.3748,0.3183082659935418,-0.0013084249885850219
2024-04-26,1.3668,0.31247224125899975,-0.0058360247345420335
2024-05-03,1.3672,0.31276485281924404,0.0002926115602442936
2024-05-10,1.3665,0.31225272638598567,-0.0005121264332583753
2024-05-17,1.3615,0.3085870331316772,-0.0036656932543084886
2024-05-24,1.3673,0.3128379923328989,0.0042509592012217046
2024-05-31,1.3637,0.3102015938816511,-0.002636398451247801
2024-06-07,1.374,0.31772619380015765,0.007524599918506569
2024-06-14,1.3751,0.31852645574676197,0.0008002619466043193
2024-06-21,1.3702,0.3149567145866617,-0.0035697411601002815
2024-06-28,1.3687,0.3138613842350836,-0.0010953303515781054
2024-07-05,1.3633,0.3099082312099469,-0.0039531530251366576
2024-07-12,1.3628,0.30954140680467446,-0.00036682440527247007
2024-07-19,1.3727,0.3167796032754769,0.007238196470802427
2024-07-26,1.383,0.32425505268262117,0.007475449407144286
2024-08-02,1.3858,0.3262775902111438,0.0020225375285226055
2024-08-09,1.3732,0.3171437826013999,-0.00913380760974386
2024-08-16,1.3707,0.3153215582551985,-0.0018222243462014398
2024-08-23,1.3529,0.3022504366271775,-0.013071121628020987
2024-08-30,1.3491,0.2994377034626343,-0.0028127331645431686
2024-09-06,1.3545,0.3034323825430128,0.003994679080378483
2024-09-13,1.3586,0.30645475777506453,0.0030223752320517328
2024-09-20,1.3565,0.3049078531168494,-0.0015469046582151091
2024-09-27,1.3499,0.3000305156326444,-0.0048773374842050465
2024-10-04,1.3577,0.3057920916240984,0.005761575991454049
2024-10-11,1.3761,0.319253411289099,0.013461319665000582
2024-10-18,1.3802,0.3222284162043645,0.002975004915265478
2024-10-25,1.3872,0.3272873270441403,0.005058910839775832
2024-11-01,1.3932,0.3316032595097091,0.0043159324655687725
2024-11-08,1.3913,0.330238561865694,-0.0013646976440150893
2024-11-15,1.4079,0.34209923248634455,0.011860670620650549
2024-11-22,1.3979,0.3349711104949457,-0.007128121991398839
2024-11-29,1.401,0.33718626735486995,0.002215156859924239
2024-12-06,1.4136,0.34613964202334957,0.008953374668479619
2024-12-13,1.4231,0.3528375907074772,0.0066979486841276525
2024-12-20,1.4365,0.36220959943720726,0.009372008729730041
2024-12-27,1.4416,0.3657536078719364,0.003544008434729129
2025-01-03,1.4442,0.36755553503494415,0.001801927163007755
2025-01-10,1.4422,0.36616972550052207,-0.0013858095344220778
2025-01-17,1.4435,0.36707072012085273,0.000900994620330664
2025-01-24,1.4336,0.36018876323852894,-0.006881956882323792
2025-01-31,1.4484,0.37045949890934904,0.010270735670820097
2025-02-07,1.4298,0.35753457435061436,-0.012924924558734674
2025-02-14,1.4166,0.3482596343373852,-0.00927494001322915
2025-02-21,1.4207,0.3511497078958944,0.0028900735585091764
2025-02-28,1.4438,0.36727852672292355,0.016128818827029157
2025-03-07,1.4371,0.36262719409806415,-0.0046513326248593945
2025-03-14,1.4388,0.36380943283933187,0.001182238741267716
2025-03-21,1.4348,0.3610254666759905,-0.002783966163341367
2025-03-28,1.4307,0.35816383499015136,-0.002861631685839139
2025-04-04,1.4216,0.3517829978583045,-0.006380837131846839
2025-04-11,1.389,0.3285840637722067,-0.0231989340860978
2025-04-18,1.3857,0.3262054271225323,-0.002378636649674415
2025-04-25,1.3863,0.3266383275621934,0.00043290043966109915
2025-05-02,1.38,0.3220834991691132,-0.00455482839308019
2025-05-09,1.3927,0.33124430907690927,0.009160809907796053
2025-05-16,1.3979,0.3349711104949457,0.0037268014180364406
2025-05-23,1.3756,0.318889999575974,-0.016081110918971686
2025-05-30,1.3758,0.31903538010977667,0.0001453805338026415
2025-06-06,1.369,0.3140805463063118,-0.004954833803464842
2025-06-13,1.3598,0.30733763011022214,-0.006742916196089688
2025-06-20,1.3728,0.3168524497515608,0.009514819641338657
2025-06-27,1.3676,0.3130573787830091,-0.003795070968551695
2025-07-04,1.3605,0.307852279241164,-0.005205099541845115
2025-07-11,1.3684,0.3136421741213126,0.005789894880148638
2025-07-18,1.372,0.31626952930369356,0.0026273551823809416
2025-07-25,1.3704,0.31510266802777315,-0.0011668612759204167
2025-08-01,1.3797,0.3218660842318507,0.006763416204077555
2025-08-08,1.3751,0.31852645574676197,-0.0033396284850887303
2025-08-15,1.3806,0.3225181872872382,0.003991731540476218
2025-08-22,1.3854,0.3259889066063676,0.0034707193191294006
2025-08-29,1.3742,0.3178717436148386,-0.008117162991528981
2025-09-05,1.3829,0.32418274348847564,0.006310999873637035
2025-09-12,1.3848,0.32555572487986245,0.0013729813913868072
2025-09-19,1.3788,0.32121355566057325,-0.004342169219289205
2025-09-26,1.3941,0.3322490457769052,0.01103549011633198
2025-10-03,1.3953,0.333109445916024,0.0008604001391187555
2025-10-10,1.4,0.3364722366212129,0.0033627907051889117
2025-10-17,1.4035,0.33896911681980013,0.002496880198587237
2025-10-24,1.4014,0.33747173695429644,-0.0014973798655036896
2025-10-31,1.4018,0.3377571250840873,0.00028538812979084227
2025-11-07,1.4063,0.34096214189406504,0.0032050168099777565
2025-11-14,1.4025,0.3382563584147144,-0.002705783479350632
2025-11-21,1.41,0.34358970439007686,0.005333345975362447
2025-11-28,1.3979,0.3349711104949457,-0.008618593895131144
2025-12-05,1.386,0.32642190076771144,-0.008549209727234275
2025-12-12,1.3769,0.31983459546818965,-0.006587305299521784
2025-12-19,1.3781,0.3207057388989622,0.0008711434307725474
2025-12-26,1.3674,0.3129111264975565,-0.0077946124014057205
2026-01-02,1.3737,0.31750782934902233,0.00459670285146585
2026-01-09,1.3896,0.3290159359447581,0.011508106595735756
2026-01-16,1.3913,0.330238561865694,0.0012226259209359158
2026-01-23,1.3732,0.3171437826013999,-0.013094779264294087
2026-01-30,1.3562,0.30468667126760474,-0.012457111333795179
2026-02-06,1.3648,0.31100789775527765,0.006321226487672915
2026-02-13,1.3614,0.308513582031714,-0.002494315723563678
2026-02-20,1.3689,0.3140074976193295,0.005493915587615528
2026-02-27,1.3642,0.310568176238482,-0.0034393213808475154
2026-03-06,1.3613,0.3084401255362903,-0.002128050702191686
2026-03-13,1.3716,0.3159779416066282,0.007537816070337877
2026-03-20,1.3718,0.3161237460830839,0.00014580447645573535
2026-03-27,1.3875,0.3275035666384525,0.01137982055536857
2026-04-03,1.3918,0.3305978734286126,0.003094306790160095
2026-04-10,1.3825,0.32389345441435285,-0.0067044190142597215
2026-04-17,1.3671,0.3126917079558095,-0.011201746458543382
2026-04-24,1.3678,0.31320360968185856,0.000511901726049091
2026-05-01,1.3576,0.3057184349378794,-0.007485174743979139
2026-05-08,1.3686,0.3137883195362603,0.008069884598380872
2026-05-15,1.3752,0.31859917508650243,0.004810855550242132
2026-05-22,1.3809,0.3227354605091684,0.004136285422665975
2026-05-29,1.3798,0.3219385611298712,-0.0007968993792972223
2026-06-05,1.3924,0.3310288769551468,0.009090315825275641
2026-06-12,1.3977,0.3348280285087237,0.0037991515535768516
2026-06-19,1.4171,0.34861252984868774,0.013784501339964061
2026-06-26,1.4186,0.34967046978584937,0.0010579399371616338
2026-07-03,1.4206,0.3510793175815726,0.001408847795723256
