date,GASREGW,diff_log_gas
1990-08-27,1.245,0.04434223954350791
1990-09-03,1.242,-0.002412546405383992
1990-09-10,1.252,0.008019289166619759
1990-09-17,1.266,0.011120051044077678
1990-09-24,1.272,0.004728141195945973
1990-10-01,1.321,0.03779856062225781
1990-10-08,1.333,0.009043015656383324
1990-10-15,1.339,0.0044910255124638865
1990-10-22,1.345,0.004470946344766968
1990-10-29,1.339,-0.004470946344766968
1990-11-05,1.334,-0.003741119215603439
1990-11-12,1.328,-0.004507896439189862
1990-11-19,1.323,-0.0037721659214235426
1990-11-26,1.311,-0.009111680351255869
1990-12-03,1.341,0.022625399517978706
1991-01-28,1.168,-0.020339684237122707
1991-02-04,1.139,-0.02514219994099015
1991-02-11,1.106,-0.029400781364901957
1991-02-18,1.078,-0.025642430613337666
1991-02-25,1.054,-0.02251502236763485
1991-03-04,1.025,-0.027899837528799216
1991-03-11,1.045,0.019324272826402845
1991-03-18,1.043,-0.001915709398138933
1991-03-25,1.047,0.0038277558697644085
1991-04-01,1.052,0.00476418242711843
1991-04-08,1.066,0.01322021142813469
1991-04-15,1.069,0.002810306299255272
1991-04-22,1.09,0.019454064198144286
1991-04-29,1.104,0.012762251613851236
1991-05-06,1.113,0.008119124438504127
1991-05-13,1.121,0.007162071796615085
1991-05-20,1.129,0.007111141077502103
1991-05-27,1.14,0.009695977238879036
1991-06-03,1.138,-0.0017559267022649039
1991-06-10,1.135,-0.0026396847707730875
1991-06-17,1.126,-0.007961121215867464
1991-06-24,1.114,-0.010714388212406181
1991-07-01,1.104,-0.009017193650188715
1991-07-08,1.098,-0.005449604767564675
1991-07-15,1.094,-0.003649639087549436
1991-07-22,1.091,-0.0027459971488558027
1991-07-29,1.091,0.0
1991-08-05,1.099,0.007305968570550561
1991-08-12,1.112,0.011759520406906435
1991-08-19,1.124,0.010733555643108697
1991-08-26,1.124,0.0
1991-09-02,1.127,0.0026654835861398274
1991-09-09,1.12,-0.006230549750635986
1991-09-16,1.11,-0.008968669982760413
1991-09-23,1.097,-0.011780834031149684
1991-09-30,1.092,-0.0045683039703798
1991-10-07,1.089,-0.002751033371889977
1991-10-14,1.084,-0.004601940933368853
1991-10-21,1.088,0.0036832454162964157
1991-10-28,1.091,0.0027535584171827776
1991-11-04,1.091,0.0
1991-11-11,1.102,0.010032003879789086
1991-11-18,1.104,0.0018132371241808276
1991-11-25,1.099,-0.004539272433419353
1991-12-02,1.099,0.0
1991-12-09,1.091,-0.007305968570550561
1991-12-16,1.075,-0.014774045271307656
1991-12-23,1.063,-0.01122556221981525
1991-12-30,1.053,-0.009451866207972441
1992-01-06,1.042,-0.010501289820663173
1992-01-13,1.026,-0.0154741965825974
1992-01-20,1.014,-0.011764841579586379
1992-01-27,1.006,-0.007920833491443964
1992-02-03,0.995,-0.010994613501091755
1992-02-10,1.004,0.009004563093081744
1992-02-17,1.011,0.006947918768796807
1992-02-24,1.014,0.0029629651306571705
1992-03-02,1.012,-0.0019743343037176217
1992-03-09,1.013,0.0009876544012724173
1992-03-16,1.01,-0.0029658944133781374
1992-03-23,1.015,0.0049382816405824665
1992-03-30,1.013,-0.001972387227204329
1992-04-06,1.026,0.012751521482031583
1992-04-13,1.051,0.024074345146236197
1992-04-20,1.058,0.00663824154129368
1992-04-27,1.072,0.013145729212502615
1992-05-04,1.089,0.01573378130221309
1992-05-11,1.102,0.011866866779899427
1992-05-18,1.118,0.01441466400218469
1992-05-25,1.12,0.0017873105740957573
1992-06-01,1.128,0.007117467768863794
1992-06-08,1.143,0.01321023173680655
1992-06-15,1.151,0.0069747449270720074
1992-06-22,1.153,0.0017361115471763722
1992-06-29,1.149,-0.003475242420303337
1992-07-06,1.147,-0.0017421607193849886
1992-07-13,1.139,-0.006999153682188564
1992-07-20,1.132,-0.006164704684054001
1992-07-27,1.128,-0.0035398267051240384
1992-08-03,1.126,-0.0017746233583685184
1992-08-10,1.123,-0.002667853961192415
1992-08-17,1.116,-0.006252811797186841
1992-08-24,1.123,0.006252811797186841
1992-08-31,1.121,-0.0017825316662832685
1992-09-07,1.121,0.0
1992-09-14,1.124,0.002672607381476566
1992-09-21,1.123,-0.0008900757151932975
1992-09-28,1.118,-0.004462301023398618
1992-10-05,1.115,-0.002686969820825433
1992-10-12,1.115,0.0
1992-10-19,1.113,-0.001795332618674303
1992-10-26,1.113,0.0
1992-11-02,1.12,0.006269613013595493
1992-11-09,1.12,0.0
1992-11-16,1.112,-0.007168489478612539
1992-11-23,1.106,-0.005410292728247584
1992-11-30,1.098,-0.007259560012804173
1992-12-07,1.089,-0.008230499136515579
1992-12-14,1.078,-0.010152371464017915
1992-12-21,1.074,-0.00371747640013248
1992-12-28,1.069,-0.004666364043764873
1993-01-04,1.065,-0.0037488328815197397
1993-01-11,1.066,0.0009385265822644678
1993-01-18,1.061,-0.004701466111806822
1993-01-25,1.055,-0.005671092703816272
1993-02-01,1.055,0.0
1993-02-08,1.062,0.006613155891717383
1993-02-15,1.053,-0.008510689667908758
1993-02-22,1.047,-0.005714301263438651
1993-03-01,1.042,-0.004786988557224522
1993-03-08,1.048,0.005741642567675245
1993-03-15,1.058,0.009496747537257232
1993-03-22,1.056,-0.0018921481520379133
1993-03-29,1.057,0.0009465216040307478
1993-04-05,1.068,0.01035303364990263
1993-04-12,1.079,0.010246945737994423
1993-04-19,1.079,0.0
1993-04-26,1.086,0.006466535235746196
1993-05-03,1.086,0.0
1993-05-10,1.097,0.0100779597813494
1993-05-17,1.106,0.008170721807049974
1993-05-24,1.106,0.0
1993-05-31,1.107,0.0009037506263566697
1993-06-07,1.104,-0.002713705871596167
1993-06-14,1.101,-0.0027210901143607524
1993-06-21,1.095,-0.005464494472078779
1993-06-28,1.089,-0.0054945193176407225
1993-07-05,1.086,-0.002758622439079622
1993-07-12,1.081,-0.004614682854672578
1993-07-19,1.075,-0.005565877077445117
1993-07-26,1.069,-0.005597029536717951
1993-08-02,1.062,-0.006569709223160983
1993-08-09,1.06,-0.0018850146957713199
1993-08-16,1.059,-0.0009438415047064719
1993-08-23,1.065,0.005649732542119035
1993-08-30,1.062,-0.002820876341641243
1993-09-06,1.055,-0.006613155891717383
1993-09-13,1.051,-0.003798675033215751
1993-09-20,1.045,-0.00572520647803975
1993-09-27,1.047,0.0019120464716254754
1993-10-04,1.092,0.042081945434313636
1993-10-11,1.09,-0.001833181081660959
1993-10-18,1.093,0.002748512953349075
1993-10-25,1.092,-0.0009153318716881159
1993-11-01,1.084,-0.00735297430525883
1993-11-08,1.075,-0.008337241437828463
1993-11-15,1.064,-0.01028527066017338
1993-11-22,1.058,-0.005655057483345008
1993-11-29,1.051,-0.00663824154129368
1993-12-06,1.036,-0.014374948057522666
1993-12-13,1.018,-0.01752722570896033
1993-12-20,1.003,-0.014844409148532644
1993-12-27,0.999,-0.0039960093133819055
1994-01-03,0.992,-0.007031671363680732
1994-01-10,0.995,0.0030196298737199803
1994-01-17,1.001,0.0060120421566277095
1994-01-24,0.999,-0.002000000666666958
1994-01-31,1.005,0.0059880418446225025
1994-02-07,1.007,0.0019880722253861702
1994-02-14,1.016,0.008897735419865025
1994-02-21,1.009,-0.006913607784818362
1994-02-28,1.004,-0.004967720101934345
1994-03-07,1.007,0.0029835924668876815
1994-03-14,1.005,-0.0019880722253861702
1994-03-21,1.007,0.0019880722253861702
1994-03-28,1.012,0.004952957128848674
1994-04-04,1.011,-0.0009886308269395488
1994-04-11,1.028,0.01667522699463913
1994-04-18,1.033,0.004852023104528022
1994-04-25,1.037,0.0038647391098887915
1994-05-02,1.04,0.002888783905891125
1994-05-09,1.045,0.00479617226349293
1994-05-16,1.046,0.0009564802259569363
1994-05-23,1.05,0.003816798526700846
1994-05-30,1.056,0.005698021114637734
1994-06-06,1.065,0.00848661387731861
1994-06-13,1.073,0.0074836644871729835
1994-06-20,1.079,0.005576222627436206
1994-06-27,1.095,0.01471967699246654
1994-07-04,1.097,0.0018248180246290546
1994-07-11,1.103,0.005454558978272225
1994-07-18,1.109,0.005424968096864574
1994-07-25,1.114,0.0044984331368623925
1994-08-01,1.13,0.014260491219156748
1994-08-08,1.157,0.023612815487290426
1994-08-15,1.161,0.0034512545042149345
1994-08-22,1.165,0.0034393843019094594
1994-08-29,1.161,-0.0034393843019094594
1994-09-05,1.156,-0.004315932465568828
1994-09-12,1.15,-0.005203827875027017
1994-09-19,1.14,-0.008733679968754626
1994-09-26,1.129,-0.009695977238879036
1994-10-03,1.12,-0.008003599860521696
1994-10-10,1.114,-0.005371543801910905
1994-10-17,1.106,-0.007207238404949218
1994-10-24,1.107,0.0009037506263566697
1994-10-31,1.121,0.012567490363523046
1994-11-07,1.123,0.0017825316662832685
1994-11-14,1.122,-0.0008908686558014578
1994-11-21,1.113,-0.008053734807096896
1994-11-28,1.105,-0.007213737323691655
1994-12-05,1.103,-0.0018115946983507242
1994-12-12,1.095,-0.00727937700290128
1994-12-19,1.087,-0.0073327551293917576
1994-12-26,1.077,-0.009242209964820891
1995-01-02,1.079,0.0018552881017461081
1995-01-09,1.086,0.006466535235746196
1995-01-16,1.078,-0.0073937490249382926
1995-01-23,1.083,0.00462749553204804
1995-01-30,1.083,0.0
1995-02-06,1.076,-0.006484506279260782
1995-02-13,1.074,-0.0018604656529197378
1995-02-20,1.067,-0.006539023767056729
1995-02-27,1.073,0.0056074913289450995
1995-03-06,1.076,0.002791998091031367
1995-03-13,1.069,-0.006526829696684611
1995-03-20,1.068,-0.0009358915049049732
1995-03-27,1.075,0.006532921041622924
1995-04-03,1.087,0.011100946559446281
1995-04-10,1.103,0.014612132132293038
1995-04-17,1.117,0.01261277981569825
1995-04-24,1.138,0.01862581561707545
1995-05-01,1.148,0.00874896219323551
1995-05-08,1.169,0.018127384592556778
1995-05-15,1.179,0.008517939065302543
1995-05-22,1.197,0.015151805020602233
1995-05-29,1.199,0.00166944946954109
1995-06-05,1.199,0.0
1995-06-12,1.196,-0.002505220516937301
1995-06-19,1.189,-0.005870037819795115
1995-06-26,1.182,-0.005904698724738422
1995-07-03,1.175,-0.005939771387784093
1995-07-10,1.165,-0.008547060578458388
1995-07-17,1.153,-0.01035384573074194
1995-07-24,1.144,-0.007836348329315929
1995-07-31,1.132,-0.010544913176614962
1995-08-07,1.127,-0.004426744723351847
1995-08-14,1.125,-0.0017761994012557986
1995-08-21,1.124,-0.0008892841848840288
1995-08-28,1.117,-0.006247231384435781
1995-09-04,1.113,-0.0035874477936558707
1995-09-11,1.111,-0.0017985616359148388
1995-09-18,1.11,-0.0009004953332500815
1995-09-25,1.109,-0.0009013069560128845
1995-10-02,1.105,-0.00361337339851385
1995-10-09,1.097,-0.0072661536766229495
1995-10-16,1.087,-0.009157573154020812
1995-10-23,1.079,-0.007386921863074783
1995-10-30,1.068,-0.010246945737994423
1995-11-06,1.065,-0.0028129413766147665
1995-11-13,1.063,-0.0018796998015775598
1995-11-20,1.06,-0.002826191235835003
1995-11-27,1.061,0.0009429515078702086
1995-12-04,1.062,0.0009420631879011113
1995-12-11,1.063,0.0009411765400636832
1995-12-18,1.078,0.014012373126994652
1995-12-25,1.082,0.0037037079374843684
1996-01-01,1.083,0.0009237875945636714
1996-01-08,1.093,0.009191241175547968
1996-01-15,1.098,0.004564133892937486
1996-01-22,1.091,-0.006395636236405239
1996-01-29,1.087,-0.003673098711861375
1996-02-05,1.083,-0.00368664012021884
1996-02-12,1.08,-0.002773926882725125
1996-02-19,1.087,0.006460567002943965
1996-02-26,1.107,0.018232045587427456
1996-03-04,1.124,0.015240097744999612
1996-03-11,1.125,0.0008892841848840288
1996-03-18,1.135,0.008849615276982553
1996-03-25,1.164,0.025229698375880016
1996-04-01,1.178,0.011955735920148897
1996-04-08,1.204,0.02183126165723434
1996-04-15,1.242,0.031073636624657758
1996-04-22,1.256,0.011209084534719915
1996-04-29,1.273,0.013444251529262458
1996-05-06,1.275,0.001569859035119997
1996-05-13,1.277,0.0015673984400127738
1996-05-20,1.285,0.006245141296780887
1996-05-27,1.275,-0.007812539736793661
1996-06-03,1.269,-0.004716989878138844
1996-06-10,1.262,-0.005531424613229113
1996-06-17,1.258,-0.003174605840772643
1996-06-24,1.245,-0.010387628361577778
1996-07-01,1.234,-0.008874604433474959
1996-07-08,1.231,-0.0024340782808795203
1996-07-15,1.228,-0.00244001747736583
1996-07-22,1.227,-0.0008146639961762459
1996-07-29,1.218,-0.007361996441069191
1996-08-05,1.207,-0.009072227172310765
1996-08-12,1.203,-0.0033195051228526173
1996-08-19,1.205,0.0016611299500765009
1996-08-26,1.209,0.0033140046900372866
1996-09-02,1.197,-0.009975145056819512
1996-09-09,1.203,0.005000010416705725
1996-09-16,1.206,0.002490661312451792
1996-09-23,1.206,0.0
1996-09-30,1.2,-0.004987541511039084
1996-10-07,1.194,-0.0050125418235442976
1996-10-14,1.203,0.00750942202213159
1996-10-21,1.204,0.0008309098940873783
1996-10-28,1.215,0.009094729905882587
1996-11-04,1.223,0.00656277991252352
1996-11-11,1.226,0.002449980808984259
1996-11-18,1.236,0.008123521521479382
1996-11-25,1.244,0.006451635281488677
1996-12-02,1.241,-0.002414488094517442
1996-12-09,1.241,0.0
1996-12-16,1.236,-0.004037147186971235
1996-12-23,1.231,-0.004053511833182477
1996-12-30,1.227,-0.003254681473542076
1997-01-06,1.225,-0.001631321732084079
1997-01-13,1.241,0.012976662225779867
1997-01-20,1.241,0.0
1997-01-27,1.238,-0.0024203319600658857
1997-02-03,1.236,-0.0016168152269053493
1997-02-10,1.234,-0.0016194335523029568
1997-02-17,1.227,-0.005688759754421596
1997-02-24,1.223,-0.003265309023739088
1997-03-03,1.215,-0.00656277991252352
1997-03-10,1.206,-0.0074349784875181735
1997-03-17,1.2,-0.004987541511039084
1997-03-24,1.204,0.0033277900926746706
1997-03-31,1.2,-0.0033277900926746706
1997-04-07,1.203,0.0024968801985872924
1997-04-14,1.199,-0.0033305609471646347
1997-04-21,1.199,0.0
1997-04-28,1.195,-0.003341690661903207
1997-05-05,1.193,-0.0016750422676949372
1997-05-12,1.193,0.0
1997-05-19,1.203,0.008347293876762779
1997-05-26,1.212,0.007453450654580807
1997-06-02,1.215,0.0024721891453891587
1997-06-09,1.207,-0.006606134677117348
1997-06-16,1.198,-0.007484442422136944
1997-06-23,1.187,-0.009224384065726537
1997-06-30,1.181,-0.005067578412305734
1997-07-07,1.177,-0.00339270893708557
1997-07-14,1.173,-0.0034042586068012692
1997-07-21,1.177,0.0034042586068012692
1997-07-28,1.17,-0.005965079468475021
1997-08-04,1.193,0.01946739430611441
1997-08-11,1.228,0.028915686609171598
1997-08-18,1.229,0.0008140008589471448
1997-08-25,1.244,0.01213116373308984
1997-09-01,1.243,-0.0008041817884135438
1997-09-08,1.243,0.0
1997-09-15,1.236,-0.005647453493075133
1997-09-22,1.225,-0.008939515038808632
1997-09-29,1.21,-0.012320484388040676
1997-10-06,1.209,-0.0008267879759940311
1997-10-13,1.203,-0.0049751346401137875
1997-10-20,1.193,-0.008347293876762779
1997-10-27,1.182,-0.009263224131872694
1997-11-03,1.176,-0.005089069507471289
1997-11-10,1.177,0.0008499788017045928
1997-11-17,1.168,-0.007675943872104463
1997-11-24,1.162,-0.005150225976315842
1997-12-01,1.152,-0.008643096156019991
1997-12-08,1.141,-0.009594491393760812
1997-12-15,1.131,-0.008802873745955203
1997-12-22,1.121,-0.008881053043960543
1997-12-29,1.112,-0.008060948261632131
1998-01-05,1.102,-0.00903348509766791
1998-01-12,1.094,-0.007286006730933284
1998-01-19,1.083,-0.010105735980936018
1998-01-26,1.066,-0.015821642275200665
1998-02-02,1.061,-0.004701466111806822
1998-02-09,1.053,-0.007568626480007647
1998-02-16,1.038,-0.014347448408141457
1998-02-23,1.044,0.005763704716750084
1998-03-02,1.028,-0.015444322427473622
1998-03-09,1.018,-0.009775248904642375
1998-03-16,1.008,-0.009871748479154134
1998-03-23,1.0,-0.007968169649176881
1998-03-30,1.03,0.02955880224154443
1998-04-06,1.028,-0.001943635208571038
1998-04-13,1.025,-0.0029225544426019767
1998-04-20,1.028,0.0029225544426019767
1998-04-27,1.04,0.011605546120307939
1998-05-04,1.049,0.008616616260878729
1998-05-11,1.063,0.013257769945650769
1998-05-18,1.072,0.008430963288799477
1998-05-25,1.07,-0.0018674141747954398
1998-06-01,1.066,-0.0037453227301620096
1998-06-08,1.075,0.008407335835973223
1998-06-15,1.066,-0.008407335835973223
1998-06-22,1.058,-0.007532992307545165
1998-06-29,1.057,-0.0009456265480071654
1998-07-06,1.058,0.0009456265480071654
1998-07-13,1.054,-0.0037878833169370588
1998-07-20,1.059,0.004732616500098721
1998-07-27,1.05,-0.00853490244983731
1998-08-03,1.039,-0.010531452052341773
1998-08-10,1.033,-0.005791521979588855
1998-08-17,1.026,-0.0067994433889236
1998-08-24,1.019,-0.006845992507990145
1998-08-31,1.013,-0.005905528974041438
1998-09-07,1.007,-0.005940611530121091
1998-09-14,1.002,-0.004977611073752081
1998-09-21,1.014,0.011904902506318376
1998-09-28,1.014,0.0
1998-10-05,1.019,0.004918849071596234
1998-10-12,1.022,0.002939737540925042
1998-10-19,1.019,-0.002939737540925042
1998-10-26,1.015,-0.003933141746837109
1998-11-02,1.01,-0.0049382816405824665
1998-11-09,1.008,-0.0019821612039912107
1998-11-16,0.996,-0.011976191046715703
1998-11-23,0.989,-0.007052925961886126
1998-11-30,0.974,-0.01528302798017703
1998-12-07,0.954,-0.02074763219424859
1998-12-14,0.945,-0.009478743954543782
1998-12-21,0.944,-0.0010587613482420655
1998-12-28,0.937,-0.007442883907078389
1999-01-04,0.935,-0.002136752949735185
1999-01-11,0.941,0.006396610296692515
1999-01-18,0.944,0.003183026560121059
1999-01-25,0.936,-0.008510689667908529
1999-02-01,0.929,-0.007506737663753538
1999-02-08,0.927,-0.0021551732479833663
1999-02-15,0.919,-0.008667443210168116
1999-02-22,0.907,-0.01314367224055045
1999-03-01,0.913,0.006593430479831866
1999-03-08,0.921,0.008724155660338392
1999-03-15,0.977,0.059026615787475825
1999-03-22,1.017,0.040125744005777134
1999-03-29,1.082,0.061954063357867045
1999-04-05,1.118,0.03273019430861766
1999-04-12,1.14,0.01948688767349649
1999-04-19,1.135,-0.004395611473037991
1999-04-26,1.131,-0.0035304537993826046
1999-05-03,1.136,0.004411123164976105
1999-05-10,1.14,0.003514942107444491
1999-05-17,1.14,0.0
1999-05-24,1.126,-0.012356732688905456
1999-05-31,1.111,-0.013411019060005608
1999-06-07,1.112,0.0008996851708977932
1999-06-14,1.108,-0.003603607503298578
1999-06-21,1.124,0.014337163146407275
1999-06-28,1.113,-0.009834679178091651
1999-07-05,1.125,0.01072396336297568
1999-07-12,1.143,0.015873349156290156
1999-07-19,1.169,0.022492297677257772
1999-07-26,1.193,0.02032246062584772
1999-08-02,1.195,0.0016750422676949372
1999-08-09,1.206,0.009162912921519634
1999-08-16,1.236,0.024571260730505334
1999-08-23,1.234,-0.0016194335523029568
1999-08-30,1.233,-0.0008107013009887309
1999-09-06,1.242,0.007272759329079698
1999-09-13,1.25,0.006420567802922744
1999-09-20,1.268,0.014297304700824437
1999-09-27,1.262,-0.004743091896012769
1999-10-04,1.255,-0.005562191535274319
1999-10-11,1.249,-0.004792341440306408
1999-10-18,1.236,-0.010462872107941695
1999-10-25,1.237,0.0008087343748519049
1999-11-01,1.23,-0.005674924026024791
1999-11-08,1.233,0.0024360547978811986
1999-11-15,1.251,0.014493007302566668
1999-11-22,1.269,0.014285957247476555
1999-11-29,1.274,0.003932368417721072
1999-12-06,1.273,-0.0007852375747022244
1999-12-13,1.275,0.001569859035119997
1999-12-20,1.269,-0.004716989878138844
1999-12-27,1.273,0.003147130843018847
2000-01-03,1.272,-0.0007858546573389635
2000-01-10,1.264,-0.006309169193264741
2000-01-17,1.277,0.010232281325736475
2000-01-24,1.315,0.029323088579325696
2000-01-31,1.316,0.0007601672733976161
2000-02-07,1.325,0.006815626535060015
2000-02-14,1.356,0.02312673008001842
2000-02-21,1.406,0.03620960387026917
2000-02-28,1.421,0.010612055726490544
2000-03-06,1.501,0.05477070353636121
2000-03-13,1.527,0.017173473585170518
2000-03-20,1.529,0.0013089007104298278
2000-03-27,1.508,-0.013829657361160819
2000-04-03,1.503,-0.0033211588149270055
2000-04-10,1.475,-0.018805120979054124
2000-04-17,1.444,-0.021240949321148783
2000-04-24,1.437,-0.004859433373746558
2000-05-01,1.42,-0.01190073548371856
2000-05-08,1.455,0.02434902901028657
2000-05-15,1.492,0.025111601158113228
2000-05-22,1.527,0.023187524454926223
2000-05-29,1.54,0.008477390189042477
2000-06-05,1.563,0.014824635013801712
2000-06-12,1.631,0.042586272199537256
2000-06-19,1.681,0.030195530787601732
2000-06-26,1.658,-0.013776797713375366
2000-07-03,1.625,-0.02010424093140234
2000-07-10,1.593,-0.019888784853789365
2000-07-17,1.546,-0.02994808076268124
2000-07-24,1.52,-0.01696061530704518
2000-07-31,1.471,-0.032767893238884516
2000-08-07,1.462,-0.006137080291713781
2000-08-14,1.447,-0.010312913678239888
2000-08-21,1.468,0.014408482542976941
2000-08-28,1.481,0.008816605093337981
2000-09-04,1.53,0.032550200118682315
2000-09-11,1.561,0.020058906128950893
2000-09-18,1.562,0.0006404098841992778
2000-09-25,1.548,-0.009003276249958891
2000-10-02,1.524,-0.015625317903080804
2000-10-09,1.502,-0.014540903922511561
2000-10-16,1.539,0.024335301514799124
2000-10-23,1.551,0.007767029337659603
2000-10-30,1.545,-0.0038759738446930148
2000-11-06,1.526,-0.012373977487443455
2000-11-13,1.523,-0.001967858949240564
2000-11-20,1.51,-0.008572423086191716
2000-11-27,1.51,0.0
2000-12-04,1.486,-0.016021704531265557
2000-12-11,1.449,-0.02521428295702205
2000-12-18,1.422,-0.01880933195749629
2000-12-25,1.414,-0.005641763906668151
2001-01-01,1.406,-0.005673774085907857
2001-01-08,1.425,0.013423020332140823
2001-01-15,1.474,0.03380798004653096
2001-01-22,1.471,-0.00203735214784434
2001-01-29,1.46,-0.007506005899055479
2001-02-05,1.443,-0.011712155928511159
2001-02-12,1.476,0.02261144638654683
2001-02-19,1.449,-0.018462062839735338
2001-02-26,1.431,-0.012500162764231493
2001-03-05,1.417,-0.009831539865770456
2001-03-12,1.412,-0.003534821637493135
2001-03-19,1.404,-0.005681833467430952
2001-03-26,1.404,0.0
2001-04-02,1.442,0.026705733259137943
2001-04-09,1.5,0.0394340692454071
2001-04-16,1.571,0.04624725116531969
2001-04-23,1.619,0.03009631542201402
2001-04-30,1.626,0.004314336430120691
2001-05-07,1.703,0.04626839055493254
2001-05-14,1.713,0.005854817661431588
2001-05-21,1.687,-0.015294415778151604
2001-05-28,1.704,0.010026624843292642
2001-06-04,1.679,-0.014780050311720139
2001-06-11,1.647,-0.019242926899900537
2001-06-18,1.601,-0.028327017180925673
2001-06-25,1.538,-0.04014556293112537
2001-07-02,1.474,-0.04250307731630737
2001-07-09,1.437,-0.025422186670256974
2001-07-16,1.413,-0.0168425033944975
2001-07-23,1.395,-0.012820688429061422
2001-07-30,1.384,-0.007916558077851243
2001-08-06,1.376,-0.005797117684325892
2001-08-13,1.392,0.011560822401075976
2001-08-20,1.427,0.024832776582471572
2001-08-27,1.488,0.041858597916200724
2001-09-03,1.545,0.037590973938808614
2001-09-10,1.527,-0.011718884113213368
2001-09-17,1.529,0.0013089007104298278
2001-09-24,1.485,-0.029199154692262197
2001-10-01,1.416,-0.04757877698313501
2001-10-08,1.352,-0.046251017650755566
2001-10-15,1.309,-0.0323214906930096
2001-10-22,1.265,-0.03419136474827933
2001-10-29,1.235,-0.024001152099542872
2001-11-05,1.206,-0.02376187177494693
2001-11-12,1.182,-0.020101179321087265
2001-11-19,1.167,-0.012771565679487451
2001-11-26,1.127,-0.034877118246779706
2001-12-03,1.108,-0.017002646732547103
2001-12-10,1.095,-0.011802225056628035
2001-12-17,1.059,-0.033429296649194765
2001-12-24,1.072,0.012200996029340952
2001-12-31,1.096,0.022141125877213563
2002-01-07,1.112,0.014493007302566863
2002-01-14,1.111,-0.0008996851708977932
2002-01-21,1.105,-0.005415175687776816
2002-01-28,1.101,-0.003626477229173225
2002-02-04,1.116,0.013532006218576392
2002-02-11,1.107,-0.008097210232619473
2002-02-18,1.116,0.008097210232619473
2002-02-25,1.116,0.0
2002-03-04,1.144,0.024780028998486775
2002-03-11,1.223,0.0667759637474293
2002-03-18,1.288,0.051783770977126525
2002-03-25,1.342,0.04107041086732821
2002-04-01,1.371,0.021379362030687243
2002-04-08,1.413,0.030174703122213042
2002-04-15,1.404,-0.006389798098771049
2002-04-22,1.404,0.0
2002-04-29,1.393,-0.007865610805950662
2002-05-06,1.395,0.0014347204756602894
2002-05-13,1.388,-0.005030553188716258
2002-05-20,1.397,0.006463218190212061
2002-05-27,1.387,-0.007183938942130208
2002-06-03,1.392,0.003598420579533246
2002-06-10,1.375,-0.012287830793693222
2002-06-17,1.378,0.002179441472932142
2002-06-24,1.384,0.004344684604010995
2002-07-01,1.392,0.005763704716750084
2002-07-08,1.382,-0.007209836566749728
2002-07-15,1.394,0.008645586992854004
2002-07-22,1.41,0.011412392051744769
2002-07-29,1.407,-0.0021299262578248213
2002-08-05,1.395,-0.008565362858923065
2002-08-12,1.393,-0.0014347204756602894
2002-08-19,1.392,-0.0007181328854408697
2002-08-26,1.403,0.00787123920809607
2002-09-02,1.394,-0.006435488781991794
2002-09-09,1.395,0.0007171029349968827
2002-09-16,1.401,0.004291852081540981
2002-09-23,1.395,-0.004291852081540981
2002-09-30,1.413,0.012820688429061422
2002-10-07,1.439,0.018233324202840406
2002-10-14,1.44,0.000694685682678442
2002-10-21,1.458,0.012422519998557147
2002-10-28,1.444,-0.009648593115831938
2002-11-04,1.448,0.0027662534928901694
2002-11-11,1.439,-0.00623486605829382
2002-11-18,1.409,-0.021068194988687616
2002-11-25,1.38,-0.020796733747429963
2002-12-02,1.364,-0.011661939747842798
2002-12-09,1.36,-0.0029368596733096997
2002-12-16,1.363,0.0022034529664348157
2002-12-23,1.401,0.027498114640474414
2002-12-30,1.441,0.028151049662515137
2003-01-06,1.444,0.0020797234532493603
2003-01-13,1.454,0.006901338640693144
2003-01-20,1.459,0.003432890429321045
2003-01-27,1.473,0.009549867939844636
2003-02-03,1.527,0.03600388875600208
2003-02-10,1.607,0.05106406051888018
2003-02-17,1.66,0.03244851561307632
2003-02-24,1.658,-0.0012055456553486943
2003-03-03,1.686,0.016746802866560495
2003-03-10,1.712,0.015303418139886671
2003-03-17,1.728,0.009302392662313586
2003-03-24,1.69,-0.022236141446881796
2003-03-31,1.649,-0.024559485357520283
2003-04-07,1.63,-0.01158902875879092
2003-04-14,1.595,-0.021706278581863026
2003-04-21,1.574,-0.013253586241596338
2003-04-28,1.557,-0.010859257143350287
2003-05-05,1.513,-0.02866645804564244
2003-05-12,1.491,-0.014647399023617391
2003-05-19,1.498,0.004683849312426325
2003-05-26,1.487,-0.007370217617009678
2003-06-02,1.473,-0.009459529997524807
2003-06-09,1.49,0.011474982476874507
2003-06-16,1.518,0.01861755901607043
2003-06-23,1.496,-0.01459879942115272
2003-06-30,1.487,-0.006034212074267409
2003-07-07,1.489,0.001344086223853902
2003-07-14,1.521,0.021263259575283744
2003-07-21,1.524,0.001970443987298842
2003-07-28,1.516,-0.005263170044274623
2003-08-04,1.536,0.013106347505300486
2003-08-11,1.571,0.022530724548003644
2003-08-18,1.627,0.035025468963416684
2003-08-25,1.747,0.07116220291501879
2003-09-01,1.746,-0.0005725737345091408
2003-09-08,1.717,-0.016748875502071936
2003-09-15,1.697,-0.011716595663249119
2003-09-22,1.643,-0.03233814719695832
2003-09-29,1.591,-0.03216108969948123
2003-10-06,1.573,-0.011378125279509044
2003-10-13,1.568,-0.0031837021479246275
2003-10-20,1.571,0.0019114373452679412
2003-10-27,1.542,-0.018632084132346294
2003-11-03,1.535,-0.00454989410197737
2003-11-10,1.504,-0.02040215551151231
2003-11-17,1.497,-0.004665120090156738
2003-11-24,1.512,0.009970172319849924
2003-12-01,1.49,-0.014657157799973508
2003-12-08,1.476,-0.009440393779087064
2003-12-15,1.465,-0.00748048370925003
2003-12-22,1.485,0.013559529785632296
2003-12-29,1.478,-0.00472494972865295
2004-01-05,1.51,0.021419828300822952
2004-01-12,1.56,0.03257617043461275
2004-01-19,1.595,0.022187914975362155
2004-01-26,1.622,0.016786219456413343
2004-02-02,1.616,-0.003705995594317557
2004-02-09,1.638,0.013522025331973941
2004-02-16,1.648,0.006086446056402295
2004-02-23,1.688,0.023981964686485446
2004-03-01,1.717,0.017034185741573116
2004-03-08,1.738,0.012156444927861831
2004-03-15,1.724,-0.008087854601698918
2004-03-22,1.743,0.01096059429638252
2004-03-29,1.758,0.008569032725101344
2004-04-05,1.78,0.01243656504100854
2004-04-12,1.786,0.003365118150313484
2004-04-19,1.813,0.01500444931840672
2004-04-26,1.812,-0.0005517241519263916
2004-05-03,1.844,0.017505917513614522
2004-05-10,1.941,0.051266179052471106
2004-05-17,2.017,0.038407954785201426
2004-05-24,2.064,0.023034588647241616
2004-05-31,2.051,-0.006318368529072638
2004-06-07,2.034,-0.008323181463875562
2004-06-14,1.985,-0.024385383487214307
2004-06-21,1.937,-0.024478529714294872
2004-06-28,1.921,-0.008294500638439284
2004-07-05,1.895,-0.013627045252029957
2004-07-12,1.917,0.011542625529117778
2004-07-19,1.928,0.00572173212484639
2004-07-26,1.905,-0.01200118760968949
2004-08-02,1.888,-0.008963940855355457
2004-08-09,1.877,-0.005843310118937128
2004-08-16,1.875,-0.0010660981819976545
2004-08-23,1.884,0.004788516731797143
2004-08-30,1.866,-0.009600073729019054
2004-09-06,1.85,-0.00861146333491869
2004-09-13,1.846,-0.002164503009573049
2004-09-20,1.866,0.010775966344491739
2004-09-27,1.917,0.02696436163835525
2004-10-04,1.938,0.010895049405067025
2004-10-11,1.993,0.027984527762083267
2004-10-18,2.035,0.020854777663900648
2004-10-25,2.032,-0.0014752891783228472
2004-11-01,2.034,0.0009837679101325492
2004-11-08,2.001,-0.016357242024771734
2004-11-15,1.969,-0.016121255944607782
2004-11-22,1.948,-0.01072259443664525
2004-11-29,1.945,-0.0015412281499336267
2004-12-06,1.911,-0.017635311812273735
2004-12-13,1.847,-0.03406396404103307
2004-12-20,1.815,-0.017477233500288847
2004-12-27,1.791,-0.013311344638239353
2005-01-03,1.778,-0.0072849859868617806
2005-01-10,1.793,0.00840105753128284
2005-01-17,1.819,0.014396704912989389
2005-01-24,1.853,0.018519047767237562
2005-01-31,1.911,0.030820717954913257
2005-02-07,1.909,-0.0010471205145253792
2005-02-14,1.898,-0.005778844555874518
2005-02-21,1.905,0.003681308390928284
2005-02-28,1.928,0.01200118760968949
2005-03-07,1.999,0.03616385932990929
2005-03-14,2.056,0.028115292074655573
2005-03-21,2.109,0.025451553903718893
2005-03-28,2.153,0.020648316885588436
2005-04-04,2.217,0.029292712251948405
2005-04-11,2.28,0.02802051233217495
2005-04-18,2.237,-0.019039760458356758
2005-04-25,2.236,-0.000447127215139842
2005-05-02,2.235,-0.00044732722732065966
2005-05-09,2.186,-0.022167838311185295
2005-05-16,2.163,-0.0105772427834252
2005-05-23,2.125,-0.01772434459454142
2005-05-30,2.097,-0.013264050456597287
2005-06-06,2.116,0.009019762076270088
2005-06-13,2.13,0.006594465725280663
2005-06-20,2.161,0.0144490978034153
2005-06-27,2.215,0.024681325972349955
2005-07-04,2.226,0.004953849356254203
2005-07-11,2.328,0.044803277015838194
2005-07-18,2.317,-0.00473628441895213
2005-07-25,2.289,-0.01215820447980942
2005-08-01,2.291,0.0008733625009286206
2005-08-08,2.368,0.03305731355040087
2005-08-15,2.55,0.07404764214857551
2005-08-22,2.612,0.024022852243849924
2005-08-29,2.61,-0.000765990079582668
2005-09-05,3.069,0.162001554302997
2005-09-12,2.955,-0.037853124779537506
2005-09-19,2.786,-0.05889177550044744
2005-09-26,2.803,0.006083396825037113
2005-10-03,2.928,0.04362932391641383
2005-10-10,2.848,-0.027702602549335653
2005-10-17,2.725,-0.04414856543452195
2005-10-24,2.603,-0.04580380210277901
2005-10-31,2.48,-0.04840606583553764
2005-11-07,2.376,-0.04284015867649238
2005-11-14,2.296,-0.0342499230430785
2005-11-21,2.201,-0.0422566759129952
2005-11-28,2.154,-0.02158522381012795
2005-12-05,2.147,-0.0032550598375528095
2005-12-12,2.185,0.017544309650909584
2005-12-19,2.211,0.011829073327755624
2005-12-26,2.197,-0.00635210847283596
2006-01-02,2.238,0.018489816487260335
2006-01-09,2.327,0.038997274430421114
2006-01-16,2.32,-0.0030126986419360957
2006-01-23,2.336,0.006872879287762035
2006-01-30,2.357,0.008949558988013528
2006-02-06,2.342,-0.006384358778468435
2006-02-13,2.284,-0.025076973381761958
2006-02-20,2.24,-0.019452425926815176
2006-02-27,2.254,0.006230549750636083
2006-03-06,2.331,0.0335909444360355
2006-03-13,2.366,0.014903405502574962
2006-03-20,2.504,0.056688687681657024
2006-03-27,2.498,-0.0023990415344660176
2006-04-03,2.588,0.03539496493526806
2006-04-10,2.683,0.03605019480483285
2006-04-17,2.783,0.036593911100266774
2006-04-24,2.914,0.04599722522925931
2006-05-01,2.919,0.0017143840989646275
2006-05-08,2.909,-0.0034317123589131526
2006-05-15,2.947,0.012978324242493233
2006-05-22,2.892,-0.018839399459039452
2006-05-29,2.867,-0.008682117395285571
2006-06-05,2.892,0.008682117395285571
2006-06-12,2.906,0.004829260851572981
2006-06-19,2.871,-0.012117164009164405
2006-06-26,2.869,-0.0006968641396991604
2006-07-03,2.934,0.022403142721562297
2006-07-10,2.973,0.013204864295170538
2006-07-17,2.989,0.005367339285840211
2006-07-24,3.003,0.004672905699392382
2006-07-31,3.004,0.0003329449006952423
2006-08-07,3.038,0.01125467027169269
2006-08-14,3.0,-0.012587115505471314
2006-08-21,2.924,-0.025659746780577697
2006-08-28,2.845,-0.02738947430923777
2006-09-04,2.727,-0.04236096371484299
2006-09-11,2.618,-0.04079143637574323
2006-09-18,2.497,-0.047320656190071975
2006-09-25,2.378,-0.048830213029046
2006-10-02,2.31,-0.029012273734887906
2006-10-09,2.261,-0.02144033123786937
2006-10-16,2.226,-0.015600940442479727
2006-10-23,2.208,-0.008119124438504155
2006-10-30,2.218,0.0045187605133263364
2006-11-06,2.2,-0.008148528563905022
2006-11-13,2.232,0.01444068415479427
2006-11-20,2.239,0.0031312930975532227
2006-11-27,2.246,0.0031215186996336186
2006-12-04,2.297,0.022453067390709847
2006-12-11,2.293,-0.00174291983119379
2006-12-18,2.32,0.011706181802451088
2006-12-25,2.341,0.009011002830555226
2007-01-01,2.334,-0.0029946546444095112
2007-01-08,2.306,-0.012069112017496941
2007-01-15,2.229,-0.03396136744313549
2007-01-22,2.165,-0.02913269294927867
2007-01-29,2.165,0.0
2007-02-05,2.191,0.011937699158876214
2007-02-12,2.241,0.022564134205460662
2007-02-19,2.296,0.024246283638529875
2007-02-26,2.383,0.03719171965928514
2007-03-05,2.505,0.0499285364202231
2007-03-12,2.559,0.021327822640823668
2007-03-19,2.577,0.007009374492576215
2007-03-26,2.61,0.012724289664374
2007-04-02,2.707,0.03649078929756211
2007-04-09,2.802,0.034492437282651056
2007-04-16,2.876,0.026066991943985096
2007-04-23,2.869,-0.002436902859572543
2007-04-30,2.971,0.03493505948124298
2007-05-07,3.054,0.027553610315969923
2007-05-14,3.103,0.015917178669802468
2007-05-21,3.218,0.03639066310394834
2007-05-28,3.209,-0.002800686442471667
2007-06-04,3.157,-0.016337152551865186
2007-06-11,3.076,-0.025992157932457127
2007-06-18,3.009,-0.022022253995489294
2007-06-25,2.982,-0.00901358130536134
2007-07-02,2.959,-0.007742842924474136
2007-07-09,2.981,0.007407441277861748
2007-07-16,3.049,0.022554853310183365
2007-07-23,2.958,-0.03030030371750958
2007-07-30,2.876,-0.02811292442980795
2007-08-06,2.838,-0.013300861120949303
2007-08-13,2.771,-0.02389131285700974
2007-08-20,2.785,0.005039607498406262
2007-08-27,2.749,-0.013010664196138721
2007-09-03,2.796,0.016952615188454923
2007-09-10,2.818,0.007837589104924714
2007-09-17,2.787,-0.011061664976677266
2007-09-24,2.812,0.00893022544860722
2007-10-01,2.788,-0.008571481050140939
2007-10-08,2.77,-0.006477172699030254
2007-10-15,2.762,-0.002892265212146805
2007-10-22,2.823,0.021845094284251854
2007-10-29,2.872,0.01720850191462553
2007-11-05,3.013,0.04792760896218651
2007-11-12,3.111,0.03200795776733578
2007-11-19,3.099,-0.003864739109888715
2007-11-26,3.097,-0.0006455778145455504
2007-12-03,3.061,-0.011692241027790429
2007-12-10,3.0,-0.020129371295165566
2007-12-17,2.998,-0.0006668889877037287
2007-12-24,2.98,-0.006022099163093042
2007-12-31,3.053,0.024201413235427793
2008-01-07,3.109,0.01817641732387587
2008-01-14,3.068,-0.013275247571606918
2008-01-21,3.017,-0.01676292332808571
2008-01-28,2.977,-0.013346878143284835
2008-02-04,2.978,0.00033585222817800187
2008-02-11,2.96,-0.006062665925848254
2008-02-18,3.042,0.027325925501131998
2008-02-25,3.13,0.028517810714960845
2008-03-03,3.162,0.010171734235218555
2008-03-10,3.225,0.019728211460455558
2008-03-17,3.284,0.018129241342445868
2008-03-24,3.259,-0.007641791734757319
2008-03-31,3.29,0.009467164921856064
2008-04-07,3.332,0.012685159527315637
2008-04-14,3.389,0.01696216832031805
2008-04-21,3.508,0.034511181885022335
2008-04-28,3.603,0.026720757256019745
2008-05-05,3.613,0.0027716203995469257
2008-05-12,3.722,0.029722706054555736
2008-05-19,3.791,0.018368678314138798
2008-05-26,3.937,0.03778917542740268
2008-06-02,3.976,0.009857276832727191
2008-06-09,4.039,0.015720847786948156
2008-06-16,4.082,0.010589927806377242
2008-06-23,4.079,-0.0007352040522317083
2008-06-30,4.095,0.003914856969611469
2008-07-07,4.114,0.004629073925732641
2008-07-14,4.113,-0.00024310198247823323
2008-07-21,4.064,-0.011984978972106486
2008-07-28,3.955,-0.027187109056563408
2008-08-04,3.88,-0.01914544758443526
2008-08-11,3.809,-0.01846846613871489
2008-08-18,3.74,-0.018281076070026492
2008-08-25,3.685,-0.014815085785140791
2008-09-01,3.68,-0.0013577734604601766
2008-09-08,3.648,-0.008733679968754737
2008-09-15,3.835,0.04999036260713452
2008-09-22,3.718,-0.03098354551996718
2008-09-29,3.632,-0.023402428560205468
2008-10-06,3.484,-0.041602401748790374
2008-10-13,3.151,-0.10046119621511895
2008-10-20,2.914,-0.07819315500212443
2008-10-27,2.656,-0.09270547615882563
2008-11-03,2.4,-0.10135249426028758
2008-11-10,2.224,-0.0761613609655638
2008-11-17,2.072,-0.07079305199109942
2008-11-24,1.892,-0.09087985376755014
2008-12-01,1.811,-0.043755291728410195
2008-12-08,1.699,-0.0638393362114813
2008-12-15,1.659,-0.023824831481487507
2008-12-22,1.653,-0.003623192369420325
2008-12-29,1.613,-0.02449601969581533
2009-01-05,1.684,0.04307611667706318
2009-01-12,1.784,0.05768611833768267
2009-01-19,1.847,0.03470466705928521
2009-01-26,1.838,-0.00488467728360753
2009-02-02,1.892,0.02895644669619113
2009-02-09,1.926,0.017810842746247335
2009-02-16,1.964,0.019537896556340306
2009-02-23,1.909,-0.02840366518866355
2009-03-02,1.934,0.013010852287491992
2009-03-09,1.941,0.0036129071557706727
2009-03-16,1.91,-0.016100062128334813
2009-03-23,1.962,0.026861119084632956
2009-03-30,2.046,0.041922306386263264
2009-04-06,2.037,-0.004408530284765955
2009-04-13,2.051,0.006849341845574952
2009-04-20,2.059,0.003892948955408815
2009-04-27,2.049,-0.00486855878888981
2009-05-04,2.078,0.014054023420272954
2009-05-11,2.24,0.07506997318991293
2009-05-18,2.309,0.030338664505409896
2009-05-25,2.435,0.05313222616219471
2009-06-01,2.524,0.03589818814441359
2009-06-08,2.624,0.03885492640287591
2009-06-15,2.672,0.018127384592556695
2009-06-22,2.691,0.007085616070369394
2009-06-29,2.642,-0.018376665644635137
2009-07-06,2.612,-0.011419994685948898
2009-07-13,2.528,-0.03268773512957368
2009-07-20,2.463,-0.02604835714621012
2009-07-27,2.503,0.016109893311236356
2009-08-03,2.557,0.02134468385941235
2009-08-10,2.647,0.03459222693591457
2009-08-17,2.637,-0.0037850158738145234
2009-08-24,2.628,-0.0034188067487854745
2009-08-31,2.613,-0.005724114083888732
2009-09-07,2.588,-0.009613609899821296
2009-09-14,2.577,-0.004259444968426118
2009-09-21,2.552,-0.009748566187684604
2009-09-28,2.499,-0.020986713629728038
2009-10-05,2.468,-0.012482545809674006
2009-10-12,2.489,0.00847291734231359
2009-10-19,2.574,0.03358008578847993
2009-10-26,2.674,0.03811436950581648
2009-11-02,2.694,0.007451599308420875
2009-11-09,2.666,-0.01044785623165534
2009-11-16,2.629,-0.013975676008772697
2009-11-23,2.639,0.0037965117734427567
2009-11-30,2.629,-0.0037965117734427567
2009-12-07,2.634,0.0019000575733451042
2009-12-14,2.599,-0.01337684766173608
2009-12-21,2.589,-0.003855054889952636
2009-12-28,2.607,0.006928434181964205
2010-01-04,2.665,0.02200392266644302
2010-01-11,2.751,0.031760424324629555
2010-01-18,2.739,-0.004371591661496366
2010-01-25,2.705,-0.012490977982496099
2010-02-01,2.661,-0.016399920302892723
2010-02-08,2.652,-0.0033879196719360793
2010-02-15,2.608,-0.016730428259209562
2010-02-22,2.655,0.017861010629495522
2010-03-01,2.702,0.017547584844105013
2010-03-08,2.751,0.017972242404430294
2010-03-15,2.788,0.013360010955840051
2010-03-22,2.819,0.011057719233698027
2010-03-29,2.798,-0.007477335888685932
2010-04-05,2.826,0.009957408019046099
2010-04-12,2.858,0.011259795245340154
2010-04-19,2.86,0.0006995453240854488
2010-04-26,2.849,-0.003853569315990013
2010-05-03,2.898,0.017052788382719397
2010-05-10,2.905,0.0024125464053839085
2010-05-17,2.864,-0.014214141205475483
2010-05-24,2.786,-0.027612373740784957
2010-05-31,2.728,-0.021038135376398426
2010-06-07,2.725,-0.00110031186600823
2010-06-14,2.701,-0.008846353304728827
2010-06-21,2.743,0.015430137144987532
2010-06-28,2.757,0.0050909200861934956
2010-07-05,2.726,-0.011307798767318689
2010-07-12,2.718,-0.0029390175453889444
2010-07-19,2.722,0.001470588500322334
2010-07-26,2.749,0.009870304953834452
2010-08-02,2.735,-0.005105773309164396
2010-08-09,2.783,0.017398046669809375
2010-08-16,2.745,-0.013748407582259814
2010-08-23,2.704,-0.015048916780776245
2010-08-30,2.682,-0.00816937332123091
2010-09-06,2.682,0.0
2010-09-13,2.721,0.014436674941622596
2010-09-20,2.723,0.0007347538905131401
2010-09-27,2.694,-0.010707135703450277
2010-10-04,2.732,0.01400686372037141
2010-10-11,2.819,0.0313482704234318
2010-10-18,2.834,0.0053069291365133164
2010-10-25,2.817,-0.006016652374253084
2010-11-01,2.806,-0.003912507213966521
2010-11-08,2.865,0.020808368486433748
2010-11-15,2.892,0.009379954129815404
2010-11-22,2.876,-0.005547864437718042
2010-11-29,2.856,-0.006978395381462388
2010-12-06,2.958,0.03509131981127034
2010-12-13,2.98,0.007409936228704783
2010-12-20,2.982,0.0006709158252338199
2010-12-27,3.052,0.02320289707966383
2011-01-03,3.07,0.005880448176895037
2011-01-10,3.089,0.006169852337339021
2011-01-17,3.104,0.0048441883845276035
2011-01-24,3.11,0.0019311238701704703
2011-01-31,3.101,-0.00289808607283093
2011-02-07,3.132,0.009947138010244938
2011-02-14,3.14,0.002551021791605157
2011-02-21,3.189,0.015484588107758546
2011-02-28,3.383,0.05905550177065089
2011-03-07,3.52,0.03969809981143424
2011-03-14,3.567,0.013263916766748984
2011-03-21,3.562,-0.0014027215092846657
2011-03-28,3.596,0.009499931741904
2011-04-04,3.684,0.024177001783686425
2011-04-11,3.791,0.02863071814113738
2011-04-18,3.844,0.013883654573848325
2011-04-25,3.879,0.009063897349784078
2011-05-02,3.963,0.02142392575046781
2011-05-09,3.965,0.0005045408785133709
2011-05-16,3.96,-0.0012618298204221112
2011-05-23,3.849,-0.028430650964780035
2011-05-30,3.794,-0.014392502788786787
2011-06-06,3.781,-0.0034323466040264705
2011-06-13,3.713,-0.018148349713852818
2011-06-20,3.652,-0.01656521246222109
2011-06-27,3.574,-0.021589545995485793
2011-07-04,3.579,0.001398015046652601
2011-07-11,3.641,0.017174937409407454
2011-07-18,3.682,0.01119771361758981
2011-07-25,3.699,0.004606430039430842
2011-08-01,3.711,0.003238869228143537
2011-08-08,3.674,-0.010020395285526673
2011-08-15,3.604,-0.01923664704684236
2011-08-22,3.581,-0.00640224872979589
2011-08-29,3.627,0.012763769284469761
2011-09-05,3.674,0.012875126492168487
2011-09-12,3.661,-0.0035446526548346124
2011-09-19,3.601,-0.016524749471360956
2011-09-26,3.509,-0.025880488065660234
2011-10-03,3.433,-0.021896582125523034
2011-10-10,3.417,-0.004671541342400332
2011-10-17,3.476,0.017119234269991068
2011-10-24,3.462,-0.0040357506491282
2011-10-31,3.452,-0.0028926835328360045
2011-11-07,3.424,-0.00814431494168577
2011-11-14,3.436,0.00349854584251319
2011-11-21,3.368,-0.01998890774192863
2011-11-28,3.307,-0.01827766238042461
2011-12-05,3.29,-0.0051538692223751514
2011-12-12,3.286,-0.0012165451622041523
2011-12-19,3.229,-0.017498527838938127
2011-12-26,3.258,0.008941018403715084
2012-01-02,3.299,0.01250588206659109
2012-01-09,3.382,0.024847858229944064
2012-01-16,3.391,0.002657612667113174
2012-01-23,3.389,-0.000589970518587446
2012-01-30,3.439,0.014645838825214863
2012-02-06,3.482,0.012426109895868231
2012-02-13,3.523,0.011706058013103204
2012-02-20,3.591,0.01911781588484529
2012-02-27,3.721,0.035561734120539645
2012-03-05,3.793,0.019164813342276377
2012-03-12,3.829,0.009446409788395727
2012-03-19,3.867,0.009875340130002463
2012-03-26,3.918,0.013102306897188942
2012-04-02,3.941,0.005853178690517602
2012-04-09,3.939,-0.0005076142240976189
2012-04-16,3.922,-0.0043251562146142675
2012-04-23,3.87,-0.013347220732464304
2012-04-30,3.83,-0.010389703849135623
2012-05-07,3.79,-0.010498784098219804
2012-05-14,3.754,-0.009544080930017795
2012-05-21,3.715,-0.010443259994594722
2012-05-28,3.67,-0.012187016103243575
2012-06-04,3.613,-0.01565320990097563
2012-06-11,3.572,-0.011412789151250546
2012-06-18,3.533,-0.010978294637244534
2012-06-25,3.437,-0.02754837050931136
2012-07-02,3.356,-0.023849209262737148
2012-07-09,3.411,0.016255714831548973
2012-07-16,3.427,0.004679739455963228
2012-07-23,3.494,0.019361968819393116
2012-07-30,3.508,0.003998862798071601
2012-08-06,3.645,0.038310290950684944
2012-08-13,3.721,0.020636083903863955
2012-08-20,3.744,0.006162109250860137
2012-08-27,3.776,0.008510689667908578
2012-09-03,3.843,0.017588063299452728
2012-09-10,3.847,0.0010403121874511534
2012-09-17,3.878,0.008025933050302081
2012-09-24,3.826,-0.01349968580239902
2012-10-01,3.804,-0.00576672633491726
2012-10-08,3.85,0.01202000361654898
2012-10-15,3.819,-0.00808454005631365
2012-10-22,3.687,-0.035175488991371795
2012-10-29,3.568,-0.032807904534244425
2012-11-05,3.492,-0.02153057674040726
2012-11-12,3.449,-0.012390304022651843
2012-11-19,3.429,-0.00581566047392057
2012-11-26,3.437,0.002330324386913496
2012-12-03,3.394,-0.012589831055662248
2012-12-10,3.349,-0.013347372999966911
2012-12-17,3.254,-0.02877678501522163
2012-12-24,3.257,0.0009215174972505569
2012-12-31,3.298,0.012509697843310574
2013-01-07,3.299,0.0003031681090372995
2013-01-14,3.303,0.0012117541622080896
2013-01-21,3.315,0.0036264772291731973
2013-01-28,3.357,0.012590094360072301
2013-02-04,3.538,0.0525138777396954
2013-02-11,3.611,0.020423146557727367
2013-02-18,3.747,0.03697077751622957
2013-02-25,3.784,0.009826131378081415
2013-03-04,3.759,-0.006628686607590861
2013-03-11,3.71,-0.013121087962697064
2013-03-18,3.696,-0.0037807228399060477
2013-03-25,3.68,-0.004338401598598107
2013-04-01,3.645,-0.00955638672021819
2013-04-08,3.608,-0.010202763260244163
2013-04-15,3.542,-0.018462062839735616
2013-04-22,3.536,-0.0016953945852447028
2013-04-29,3.52,-0.00453515516539138
2013-05-06,3.538,0.005100606127587781
2013-05-13,3.603,0.01820523602836288
2013-05-20,3.673,0.019241935071574012
2013-05-27,3.645,-0.007652401376908813
2013-06-03,3.646,0.0002743107958498303
2013-06-10,3.655,0.002465416945270471
2013-06-17,3.626,-0.007965980869082623
2013-06-24,3.577,-0.013605652055778572
2013-07-01,3.496,-0.022905002483591508
2013-07-08,3.492,-0.0011448198159333955
2013-07-15,3.639,0.0412342806526671
2013-07-22,3.682,0.011747164180863301
2013-07-29,3.646,-0.009825406554414773
2013-08-05,3.632,-0.003847215517424507
2013-08-12,3.561,-0.019742056443406097
2013-08-19,3.55,-0.003093800808316338
2013-08-26,3.552,0.0005632216425992542
2013-09-02,3.608,0.015642777070453695
2013-09-09,3.587,-0.005837403650231776
2013-09-16,3.547,-0.011214022758660791
2013-09-23,3.495,-0.014768800105711133
2013-09-30,3.425,-0.02023190397158503
2013-10-07,3.367,-0.017079331535251097
2013-10-14,3.354,-0.00386847677792046
2013-10-21,3.36,0.0017873105740957573
2013-10-28,3.294,-0.019838342219664185
2013-11-04,3.265,-0.008842869027054112
2013-11-11,3.194,-0.02198571293557383
2013-11-18,3.219,0.007796702523850341
2013-11-25,3.293,0.02272825107755616
2013-12-02,3.272,-0.006397584653726529
2013-12-09,3.269,-0.0009172909984269673
2013-12-16,3.239,-0.009219487552881489
2013-12-23,3.271,0.009831108367054586
2013-12-30,3.331,0.01817681065529575
2014-01-06,3.332,0.00030016509305363925
2014-01-13,3.327,-0.0015017272682564808
2014-01-20,3.296,-0.00936138498911454
2014-01-27,3.295,-0.00030344409275451234
2014-02-03,3.292,-0.0009108851396473217
2014-02-10,3.309,0.005150746124651828
2014-02-17,3.38,0.021229680555452157
2014-02-24,3.444,0.018757877070556983
2014-03-03,3.479,0.010111309604320828
2014-03-10,3.512,0.009440779603065108
2014-03-17,3.547,0.009916500018614549
2014-03-24,3.549,0.0005636978728746911
2014-03-31,3.579,0.008417558119529378
2014-04-07,3.596,0.004738684825485118
2014-04-14,3.651,0.015178986064125821
2014-04-21,3.683,0.00872653478942853
2014-04-28,3.713,0.008112537732014813
2014-05-05,3.684,-0.00784105680188274
2014-05-12,3.668,-0.004352563998841985
2014-05-19,3.665,-0.0008182190556036417
2014-05-26,3.674,0.0024526514543190547
2014-06-02,3.69,0.00434547125950191
2014-06-09,3.674,-0.00434547125950191
2014-06-16,3.686,0.0032608724546976386
2014-06-23,3.704,0.004871457536301582
2014-06-30,3.704,0.0
2014-07-07,3.678,-0.007044190601803724
2014-07-14,3.635,-0.0117600151966466
2014-07-21,3.593,-0.011621602854100965
2014-07-28,3.539,-0.015143306768055309
2014-08-04,3.515,-0.006804676100698126
2014-08-11,3.505,-0.0028490047760749704
2014-08-18,3.472,-0.009459723688449495
2014-08-25,3.454,-0.005197817073616884
2014-09-01,3.459,0.0014465502305447409
2014-09-08,3.457,-0.0005783690155443111
2014-09-15,3.408,-0.014275551972418032
2014-09-22,3.353,-0.016270141482977785
2014-09-29,3.354,0.0002981959169254811
2014-10-06,3.299,-0.016534271154572622
2014-10-13,3.207,-0.02828347153542654
2014-10-20,3.12,-0.02750291888962675
2014-10-27,3.056,-0.020726130517117136
2014-11-03,2.993,-0.020830642433712132
2014-11-10,2.941,-0.017526569298703887
2014-11-17,2.894,-0.016110031362565724
2014-11-24,2.821,-0.025548196189433048
2014-12-01,2.778,-0.015360187687707194
2014-12-08,2.679,-0.03628765376968035
2014-12-15,2.554,-0.047782832952124155
2014-12-22,2.403,-0.060942800856015666
2014-12-29,2.299,-0.04424371097328739
2015-01-05,2.214,-0.03767341149459935
2015-01-12,2.139,-0.03446240418617663
2015-01-19,2.066,-0.03472405940282175
2015-01-26,2.044,-0.010705698355988669
2015-02-02,2.068,0.011673284304724696
2015-02-09,2.191,0.05777610396714661
2015-02-16,2.274,0.037182334715014975
2015-02-23,2.332,0.025185873159901506
2015-03-02,2.473,0.05870572005103325
2015-03-09,2.487,0.005645176281988573
2015-03-16,2.453,-0.013765399544915513
2015-03-23,2.457,0.0016293282626899108
2015-03-30,2.448,-0.0036697288889624424
2015-04-06,2.413,-0.014400578007184972
2015-04-13,2.408,-0.002074259196320094
2015-04-20,2.485,0.031476132102017496
2015-04-27,2.57,0.03363323935853635
2015-05-04,2.664,0.03592285377101434
2015-05-11,2.691,0.010084119066625985
2015-05-18,2.744,0.01950383811887013
2015-05-25,2.774,0.010873612029000945
2015-06-01,2.78,0.0021606058099057357
2015-06-08,2.78,0.0
2015-06-15,2.835,0.019591009477169852
2015-06-22,2.812,-0.008145963231297015
2015-06-29,2.801,-0.003919477670446758
2015-07-06,2.793,-0.0028602093149319163
2015-07-13,2.834,0.014572854305449079
2015-07-20,2.802,-0.01135569335367359
2015-07-27,2.745,-0.02055237295332124
2015-08-03,2.689,-0.02061169767476634
2015-08-10,2.629,-0.022565831538983394
2015-08-17,2.716,0.0325566639487056
2015-08-24,2.637,-0.029518302325300172
2015-08-31,2.51,-0.04935915422745718
2015-09-07,2.437,-0.029514978500623346
2015-09-14,2.375,-0.025770337156464596
2015-09-21,2.327,-0.020417553166449887
2015-09-28,2.322,-0.00215100104445487
2015-10-05,2.318,-0.0017241383581397818
2015-10-12,2.337,0.008163310639160981
2015-10-19,2.277,-0.026009268475118308
2015-10-26,2.228,-0.021754465016564972
2015-11-02,2.224,-0.0017969456767016334
2015-11-09,2.235,0.004933851677196066
2015-11-16,2.178,-0.025834203554763402
2015-11-23,2.094,-0.03933091206242367
2015-11-30,2.059,-0.016855684402692583
2015-12-07,2.053,-0.002918290008856017
2015-12-14,2.037,-0.00782400079212775
2015-12-21,2.026,-0.0054147314181771655
2015-12-28,2.034,0.003940891799876556
2016-01-04,2.028,-0.0029542118974312803
2016-01-11,1.996,-0.015904907839664584
2016-01-18,1.914,-0.0419498848585097
2016-01-25,1.856,-0.030771658666753576
2016-02-01,1.822,-0.018488835526242364
2016-02-08,1.759,-0.03518933308234551
2016-02-15,1.724,-0.020098293513919674
2016-02-22,1.73,0.003474236268186215
2016-02-29,1.783,0.030175930371315718
2016-03-07,1.841,0.03201156336993749
2016-03-14,1.961,0.06314564496326847
2016-03-21,2.007,0.023186522599991877
2016-03-28,2.066,0.028973300883245567
2016-04-04,2.083,0.008194791581388361
2016-04-11,2.069,-0.0067437635154291575
2016-04-18,2.137,0.03233757757360467
2016-04-25,2.162,0.011630742880005873
2016-05-02,2.24,0.03544214664993206
2016-05-09,2.22,-0.008968669982760358
2016-05-16,2.242,0.009861128765780047
2016-05-23,2.3,0.02554079828513567
2016-05-30,2.339,0.016814364666938086
2016-06-06,2.381,0.017797079902683643
2016-06-13,2.399,0.007531416352831943
2016-06-20,2.353,-0.019360874112332005
2016-06-27,2.329,-0.010252118843021574
2016-07-04,2.291,-0.016450587430845598
2016-07-11,2.253,-0.01672574202125099
2016-07-18,2.23,-0.010261075978080014
2016-07-25,2.182,-0.021759698061148303
2016-08-01,2.159,-0.010596735878208863
2016-08-08,2.15,-0.004177309393098794
2016-08-15,2.149,-0.00046522447919805643
2016-08-22,2.193,0.02026785177537782
2016-08-29,2.237,0.019865213072241428
2016-09-05,2.223,-0.006278047525933195
2016-09-12,2.202,-0.00949159668157118
2016-09-19,2.225,0.010390877317715375
2016-09-26,2.224,-0.0004495392298675682
2016-10-03,2.245,0.009398144805881636
2016-10-10,2.272,0.011954979664687171
2016-10-17,2.257,-0.006624003023506186
2016-10-24,2.243,-0.006222242297327485
2016-10-31,2.23,-0.005812670066043801
2016-11-07,2.233,0.0013443873859935174
2016-11-14,2.184,-0.02218791497536221
2016-11-21,2.155,-0.0133673343269477
2016-11-28,2.154,-0.0004641448215142452
2016-12-05,2.208,0.024760549680652222
2016-12-12,2.236,0.012601426878003807
2016-12-19,2.264,0.012444605048083646
2016-12-26,2.309,0.019681370031422007
2017-01-02,2.377,0.02902465800569831
2017-01-09,2.388,0.0046170071522988465
2017-01-16,2.358,-0.012642393415176367
2017-01-23,2.326,-0.013663748018706512
2017-01-30,2.296,-0.01298157563915281
2017-02-06,2.293,-0.001307474581552448
2017-02-13,2.307,0.006086975315849119
2017-02-20,2.302,-0.0021696688919256024
2017-02-27,2.314,0.00519931847179389
2017-03-06,2.341,0.011600559737288907
2017-03-13,2.323,-0.007718734720501663
2017-03-20,2.321,-0.0008613264959720368
2017-03-27,2.315,-0.0025884397541027226
2017-04-03,2.36,0.019251931499321362
2017-04-10,2.424,0.026757449169549252
2017-04-17,2.436,0.004938281640582631
2017-04-24,2.449,0.005322428122380041
2017-05-01,2.411,-0.015638178770996602
2017-05-08,2.372,-0.016308118063555033
2017-05-15,2.369,-0.0012655559588304888
2017-05-22,2.399,0.01258405868090906
2017-05-29,2.406,0.002913633694929585
2017-06-05,2.414,0.0033195051228527284
2017-06-12,2.366,-0.020084357119144802
2017-06-19,2.318,-0.020496020638635093
2017-06-26,2.288,-0.013026671400008571
2017-07-03,2.26,-0.012313260233356993
2017-07-10,2.297,0.016239110422766823
2017-07-17,2.278,-0.008306058681970874
2017-07-24,2.312,0.01481508578514057
2017-07-31,2.352,0.017153079226249535
2017-08-07,2.378,0.010993768232209655
2017-08-14,2.384,0.002519950934513182
2017-08-21,2.36,-0.010118130165584605
2017-08-28,2.399,0.01639036482003886
2017-09-04,2.679,0.1103916067049141
2017-09-11,2.685,0.0022371373983564036
2017-09-18,2.634,-0.019177124639738752
2017-09-25,2.583,-0.019552089207385825
2017-10-02,2.565,-0.006993035490970634
2017-10-09,2.504,-0.02406902538488076
2017-10-16,2.489,-0.006008429852397135
2017-10-23,2.479,-0.004025770332401479
2017-10-30,2.488,0.0036239218238794946
2017-11-06,2.561,0.02891863234045522
2017-11-13,2.592,0.012031971272640107
2017-11-20,2.568,-0.009302392662313586
2017-11-27,2.533,-0.013723014808176615
2017-12-04,2.5,-0.013113639145382994
2017-12-11,2.485,-0.006018072325563062
2017-12-18,2.45,-0.014184634991956324
2017-12-25,2.472,0.008939515038808632
2018-01-01,2.52,0.019231361927887547
2018-01-08,2.522,0.0007933360193957961
2018-01-15,2.557,0.013782458766321892
2018-01-22,2.567,0.003903205579953828
2018-01-29,2.607,0.015462233062361386
2018-02-05,2.637,0.011441772419784835
2018-02-12,2.607,-0.011441772419784835
2018-02-19,2.557,-0.019365438642315214
2018-02-26,2.548,-0.003525958599132628
2018-03-05,2.56,0.004698520781554194
2018-03-12,2.559,-0.0003907013138193527
2018-03-19,2.598,0.015125361070755905
2018-03-26,2.648,0.019062719826354102
2018-04-02,2.7,0.019447134935521637
2018-04-09,2.694,-0.0022246950221112005
2018-04-16,2.747,0.019482329124964615
2018-04-23,2.798,0.018395469130152664
2018-04-30,2.846,0.017009623424371068
2018-05-07,2.845,-0.000351432089366277
2018-05-14,2.873,0.009793712418858291
2018-05-21,2.923,0.017253706131956204
2018-05-28,2.962,0.013254229716498367
2018-06-04,2.94,-0.007455134495016891
2018-06-11,2.911,-0.009912916587104137
2018-06-18,2.879,-0.011053653133447305
2018-06-25,2.833,-0.01610679078165922
2018-07-02,2.844,0.003875291092614752
2018-07-09,2.857,0.004560611307641738
2018-07-16,2.865,0.002796226918066802
2018-07-23,2.831,-0.011938344036940274
2018-07-30,2.846,0.00528449353789795
2018-08-06,2.852,0.002106002884388891
2018-08-13,2.843,-0.003160669883186751
2018-08-20,2.821,-0.007768400649003526
2018-08-27,2.827,0.0021246466915940676
2018-09-03,2.824,-0.0010617590804575805
2018-09-10,2.833,0.003181901217383931
2018-09-17,2.841,0.0028198820236713384
2018-09-24,2.844,0.0010554090689434137
2018-10-01,2.866,0.007705817464985776
2018-10-08,2.903,0.012827355636512605
2018-10-15,2.879,-0.008301673412453914
2018-10-22,2.841,-0.01328690875798788
2018-10-29,2.811,-0.010615810947656179
2018-11-05,2.753,-0.020849065763924424
2018-11-12,2.686,-0.024638128059424558
2018-11-19,2.611,-0.0283198083840539
2018-11-26,2.539,-0.027962986994450434
2018-12-03,2.451,-0.03527419817656596
2018-12-10,2.421,-0.012315426590054135
2018-12-17,2.369,-0.02171275277927287
2018-12-24,2.321,-0.02046979788434844
2018-12-31,2.266,-0.023981964686485502
2019-01-07,2.237,-0.012880480097821945
2019-01-14,2.247,0.004460310695199476
2019-01-21,2.251,0.0017785687214030288
2019-01-28,2.256,0.0022187717112172045
2019-02-04,2.254,-0.0008869180182277114
2019-02-11,2.276,0.009713100646499773
2019-02-18,2.317,0.0178537291861548
2019-02-25,2.39,0.031020120493180148
2019-03-04,2.422,0.013300279187481223
2019-03-11,2.471,0.020029281875572513
2019-03-18,2.548,0.030685810703443894
2019-03-25,2.623,0.029009963174819742
2019-04-01,2.691,0.025594170860032017
2019-04-08,2.745,0.019868203216725222
2019-04-15,2.828,0.029788673072832283
2019-04-22,2.841,0.004586354837724738
2019-04-29,2.887,0.01606179780874717
2019-05-06,2.897,0.0034578181064151003
2019-05-13,2.866,-0.01075838938123308
2019-05-20,2.852,-0.004896826853930669
2019-05-27,2.822,-0.010574649121427138
2019-06-03,2.807,-0.005329556050877038
2019-06-10,2.732,-0.027082355671201652
2019-06-17,2.67,-0.022955469296385478
2019-06-24,2.654,-0.0060105365021424495
2019-07-01,2.713,0.021987097766778985
2019-07-08,2.743,0.010997178278671416
2019-07-15,2.779,0.01303893880490059
2019-07-22,2.75,-0.010490239081886843
2019-07-29,2.715,-0.012808958292581218
2019-08-05,2.688,-0.009994530724995454
2019-08-12,2.624,-0.024097551579060572
2019-08-19,2.598,-0.009957952833434924
2019-08-26,2.574,-0.009280809074472818
2019-09-02,2.563,-0.004282661792000764
2019-09-09,2.55,-0.0050850882115993645
2019-09-16,2.552,0.0007840063122086516
2019-09-23,2.654,0.039190570427472315
2019-09-30,2.642,-0.004531729809882146
2019-10-07,2.645,0.0011348592101291244
2019-10-14,2.629,-0.0060675195625184974
2019-10-21,2.638,0.003417508547378656
2019-10-28,2.596,-0.016049255453279287
2019-11-04,2.605,0.003460876363486687
2019-11-11,2.615,0.0038314223115560875
2019-11-18,2.592,-0.00883431902685805
2019-11-25,2.579,-0.005028051590820537
2019-12-02,2.575,-0.001552192783508266
2019-12-09,2.561,-0.005451726898311304
2019-12-16,2.536,-0.009809770642408733
2019-12-23,2.532,-0.001578532293049717
2019-12-30,2.571,0.015285424001822756
2020-01-06,2.578,0.002718976233243131
2020-01-13,2.57,-0.003108005609867237
2020-01-20,2.537,-0.012923618289983563
2020-01-27,2.506,-0.012294424143268312
2020-02-03,2.455,-0.02056109522739258
2020-02-10,2.419,-0.014772529618593766
2020-02-17,2.428,0.003713641569361603
2020-02-24,2.466,0.015529531544900887
2020-03-02,2.423,-0.017590962907763963
2020-03-09,2.375,-0.020009004347784187
2020-03-16,2.248,-0.05495650545515973
2020-03-23,2.12,-0.0586248433475236
2020-03-30,2.005,-0.05577202792538871
2020-04-06,1.924,-0.041237708515017735
2020-04-13,1.853,-0.03760040494029204
2020-04-20,1.812,-0.022374739682435085
2020-04-27,1.773,-0.02175818052871681
2020-05-04,1.789,0.008983777434511286
2020-05-11,1.851,0.034069229064778384
2020-05-18,1.878,0.014481347194710614
2020-05-25,1.96,0.04273709245635471
2020-06-01,1.974,0.0071174677688640164
2020-06-08,2.036,0.03092515767698656
2020-06-15,2.098,0.029997411285829
2020-06-22,2.129,0.014667875937237063
2020-06-29,2.174,0.02091640278767526
2020-07-06,2.177,0.001378993553392771
2020-07-13,2.195,0.008234264274724179
2020-07-20,2.186,-0.004108656772787822
2020-07-27,2.175,-0.005044725213699475
2020-08-03,2.176,0.00045966445304890247
2020-08-10,2.166,-0.004606180414897354
2020-08-17,2.166,0.0
2020-08-24,2.182,0.007359738832080187
2020-08-31,2.222,0.01816580380655919
2020-09-07,2.211,-0.004962789342129126
2020-09-14,2.183,-0.012744824307502345
2020-09-21,2.168,-0.006894993990406939
2020-09-28,2.169,0.0004611482673374523
2020-10-05,2.172,0.001382170226951751
2020-10-12,2.167,-0.0023046795174671564
2020-10-19,2.15,-0.007875880414650482
2020-10-26,2.143,-0.0032611256481315243
2020-11-02,2.112,-0.014571350647424763
2020-11-09,2.096,-0.007604599385219402
2020-11-16,2.111,0.007131002407387954
2020-11-23,2.102,-0.0042724964114243535
2020-11-30,2.12,0.008526816229161849
2020-12-07,2.156,0.0168385643628296
2020-12-14,2.158,0.0009272137891921384
2020-12-21,2.224,0.030125509552393126
2020-12-28,2.243,0.008506879149735136
2021-01-04,2.249,0.002671417439107482
2021-01-11,2.317,0.02978757247306052
2021-01-18,2.379,0.026406985870581434
2021-01-25,2.392,0.00544960476756462
2021-02-01,2.409,0.007081887544349019
2021-02-08,2.461,0.021356047776184495
2021-02-15,2.501,0.016122880486563185
2021-02-22,2.633,0.051433228618690374
2021-03-01,2.711,0.029193690002356165
2021-03-08,2.771,0.021890695364312762
2021-03-15,2.853,0.02916280635052182
2021-03-22,2.865,0.00419727793533986
2021-03-29,2.852,-0.004547847614653433
2021-04-05,2.857,0.001751620696586631
2021-04-12,2.849,-0.002804067732864901
2021-04-19,2.855,0.002103787592202311
2021-04-26,2.872,0.00593680807800423
2021-05-03,2.89,0.006247850938362998
2021-05-10,2.961,0.02427054699511344
2021-05-17,3.028,0.022375286455748267
2021-05-24,3.02,-0.0026455041884241304
2021-05-31,3.027,0.002315198652803385
2021-06-07,3.035,0.0026393944718798856
2021-06-14,3.069,0.011140351126137427
2021-06-21,3.06,-0.0029368596733096997
2021-06-28,3.091,0.010079747185689936
2021-07-05,3.122,0.009979158943260957
2021-07-12,3.133,0.003517189876814486
2021-07-19,3.153,0.006363368592869012
2021-07-26,3.136,-0.0054062780747623496
2021-08-02,3.159,0.007307419331786802
2021-08-09,3.172,0.00410678195265346
2021-08-16,3.174,0.0006303183316156424
2021-08-23,3.145,-0.009178731951813512
2021-08-30,3.139,-0.0019096122925872372
2021-09-06,3.176,0.011718265525072713
2021-09-13,3.165,-0.003469487788749781
2021-09-20,3.184,0.005985212385997141
2021-09-27,3.175,-0.002830635637481649
2021-10-04,3.19,0.0047132844520982875
2021-10-11,3.267,0.02385121582217975
2021-10-18,3.322,0.016694878572170113
2021-10-25,3.383,0.018195878607468297
2021-11-01,3.39,0.002067031593787627
2021-11-08,3.41,0.005882369903066342
2021-11-15,3.399,-0.003231020581446309
2021-11-22,3.395,-0.0011775097033195348
2021-11-29,3.38,-0.004428051515732223
2021-12-06,3.341,-0.01160554612030773
2021-12-13,3.315,-0.007812539736793855
2021-12-20,3.295,-0.006051455683355078
2021-12-27,3.275,-0.006088298867255482
2022-01-03,3.281,0.0018303848917495813
2022-01-10,3.295,0.0042579139755059
2022-01-17,3.306,0.0033328314443619167
2022-01-24,3.323,0.005128989973624654
2022-01-31,3.368,0.013451107007623087
2022-02-07,3.444,0.02231449018540399
2022-02-14,3.487,0.012408181128029883
2022-02-21,3.53,0.012256103251691242
2022-02-28,3.608,0.02185573125517193
2022-03-07,4.102,0.1283210574498117
2022-03-14,4.315,0.050622664885202395
2022-03-21,4.239,-0.017769932164891422
2022-03-28,4.231,-0.0018890206325696823
2022-04-04,4.17,-0.014522335927220187
2022-04-11,4.091,-0.01912659686344864
2022-04-18,4.066,-0.006129723741106652
2022-04-25,4.107,0.010033119768266818
2022-05-02,4.182,0.018096766032020373
2022-05-09,4.328,0.034315940537738454
2022-05-16,4.491,0.03696985256142038
2022-05-23,4.593,0.022458011238055464
2022-05-30,4.624,0.0067267260264198825
2022-06-06,4.876,0.05306508024894896
2022-06-13,5.006,0.026311981390557238
2022-06-20,4.962,-0.008828307739973118
2022-06-27,4.872,-0.018304354862013428
2022-07-04,4.771,-0.02094860387362596
2022-07-11,4.646,-0.026549292185752638
2022-07-18,4.49,-0.034153932594054304
2022-07-25,4.33,-0.03628515973976443
2022-08-01,4.192,-0.03238959499565741
2022-08-08,4.038,-0.037428427128095354
2022-08-15,3.938,-0.02507653967371204
2022-08-22,3.88,-0.0148378265817517
2022-08-29,3.827,-0.013753947191616822
2022-09-05,3.746,-0.021392602421668405
2022-09-12,3.69,-0.015062145969461094
2022-09-19,3.654,-0.009804000096620857
2022-09-26,3.711,0.015478924122645621
2022-10-03,3.782,0.018951588157805288
2022-10-10,3.912,0.03379578193630506
2022-10-17,3.871,-0.010535880577059675
2022-10-24,3.769,-0.02670315731051276
2022-10-31,3.742,-0.007189486433100578
2022-11-07,3.796,0.014327652895783638
2022-11-14,3.762,-0.008997149868842813
2022-11-21,3.648,-0.030771658666753687
2022-11-28,3.534,-0.03174869831458027
2022-12-05,3.39,-0.04160045250514566
2022-12-12,3.239,-0.04556528120316683
2022-12-19,3.12,-0.03743163836780106
2022-12-26,3.091,-0.009338338671411872
2023-01-02,3.223,0.04181793968332159
2023-01-09,3.259,0.011107797022123611
2023-01-16,3.31,0.015527789533547054
2023-01-23,3.415,0.031229303633781846
2023-01-30,3.489,0.021437669181883612
2023-02-06,3.444,-0.012981575639152698
2023-02-13,3.39,-0.01580366517312526
2023-02-20,3.379,-0.003250113660206111
2023-02-27,3.342,-0.011010377558950957
2023-03-06,3.389,0.013965462451712263
2023-03-13,3.456,0.019576958316894988
2023-03-20,3.422,-0.009886675471807438
2023-03-27,3.421,-0.0002922694745342014
2023-04-03,3.497,0.021972552085771202
2023-04-10,3.596,0.027916658528135185
2023-04-17,3.663,0.018460367187303373
2023-04-24,3.656,-0.00191283020477373
2023-05-01,3.6,-0.015435808129839357
2023-05-08,3.533,-0.018786477085056097
2023-05-15,3.536,0.000848776398388873
2023-05-22,3.534,-0.0005657708778923354
2023-05-29,3.571,0.010415294714806844
2023-06-05,3.541,-0.008436495482544881
2023-06-12,3.595,0.015134818043243348
2023-06-19,3.577,-0.005019530896129387
2023-06-26,3.571,-0.0016787916645690792
2023-07-03,3.527,-0.012398017358396629
2023-07-10,3.546,0.0053725563981013025
2023-07-17,3.559,0.003659398876039388
2023-07-24,3.596,0.010342510081318368
2023-07-31,3.757,0.04379864998245786
2023-08-07,3.828,0.018721706998875876
2023-08-14,3.85,0.0057306747089851395
2023-08-21,3.868,0.004664429291355132
2023-08-28,3.813,-0.014321296715621212
2023-09-04,3.807,-0.0015748034750664441
2023-09-11,3.822,0.003932368417721044
2023-09-18,3.878,0.01454571100237878
2023-09-25,3.837,-0.010628745555644636
2023-10-02,3.798,-0.01021619887472136
2023-10-09,3.684,-0.030475493997033754
2023-10-16,3.576,-0.029754261081792688
2023-10-23,3.533,-0.012097488934259548
2023-10-30,3.473,-0.017128594615071213
2023-11-06,3.396,-0.022420505312836125
2023-11-13,3.349,-0.01393647463703318
2023-11-20,3.289,-0.018078226605147574
2023-11-27,3.238,-0.01562771195147672
2023-12-04,3.231,-0.0021641684130822014
2023-12-11,3.136,-0.02984358435419976
2023-12-18,3.053,-0.02682338873542056
2023-12-25,3.116,0.020425414255761165
2024-01-01,3.089,-0.00870271407205725
2024-01-08,3.073,-0.005193130788097022
2024-01-15,3.058,-0.0048931756414771765
2024-01-22,3.062,0.0013071897286214273
2024-01-29,3.095,0.01071960890106749
2024-02-05,3.136,0.013160196351601927
2024-02-12,3.192,0.017699577099401065
2024-02-19,3.269,0.023836448154511247
2024-02-26,3.249,-0.006136871055110404
2024-03-04,3.35,0.03061308915001182
2024-03-11,3.376,0.0077312308967356635
2024-03-18,3.453,0.02255184167414459
2024-03-25,3.523,0.020069480951245167
2024-04-01,3.517,-0.0017045458672551028
2024-04-08,3.591,0.020822361752100393
2024-04-15,3.628,0.010250817008944368
2024-04-22,3.668,0.010965022141328218
2024-04-29,3.653,-0.004097806581072838
2024-05-06,3.643,-0.0027412297867188684
2024-05-13,3.608,-0.009653915826049353
2024-05-20,3.584,-0.006674107087693226
2024-05-27,3.577,-0.001955034835803504
2024-06-03,3.516,-0.017200480453950062
2024-06-10,3.429,-0.025055306342147254
2024-06-17,3.435,0.001748252193529476
2024-06-24,3.438,0.0008729812863448316
2024-07-01,3.479,0.011854989209147515
2024-07-08,3.489,0.00287026603483187
2024-07-15,3.496,0.0020042955886521163
2024-07-22,3.471,-0.007176720913639745
2024-07-29,3.484,0.003738322110607095
2024-08-05,3.448,-0.01038670618880988
2024-08-12,3.414,-0.009909728429197573
2024-08-19,3.382,-0.009417373895860504
2024-08-26,3.313,-0.02061312715862962
2024-09-02,3.289,-0.007270556110838822
2024-09-09,3.236,-0.016245568010674782
2024-09-16,3.18,-0.0174568024041597
2024-09-23,3.185,0.0015710922320411047
2024-09-30,3.179,-0.0018856070954611504
2024-10-07,3.136,-0.013618579440504153
2024-10-14,3.171,0.011098893068048898
2024-10-21,3.144,-0.00855112098925015
2024-10-28,3.097,-0.015061973575894338
2024-11-04,3.069,-0.009082125353466752
2024-11-11,3.052,-0.005554662215388362
2024-11-18,3.046,-0.001967858949240675
2024-11-25,3.044,-0.0006568144735306092
2024-12-02,3.034,-0.003290559073098942
2024-12-09,3.008,-0.008606474838747102
2024-12-16,3.016,0.002656044058116258
2024-12-23,3.024,0.002649008171576872
2024-12-30,3.006,-0.0059701669865037665
2025-01-06,3.047,0.013547208672789246
2025-01-13,3.043,-0.0013136290887378888
2025-01-20,3.109,0.02145726016178262
2025-01-27,3.103,-0.0019317456103735697
2025-02-03,3.082,-0.006790648568319124
2025-02-10,3.128,0.014815085785140791
2025-02-17,3.148,0.006373507872092121
2025-02-24,3.125,-0.007333047366792078
2025-03-03,3.078,-0.015154247771677287
2025-03-10,3.069,-0.0029282597790885045
2025-03-17,3.058,-0.0035906681307285027
2025-03-24,3.115,0.01846804473254604
2025-03-31,3.162,0.014975586547863795
2025-04-07,3.243,0.025294088537900494
2025-04-14,3.168,-0.023398353373001335
2025-04-21,3.141,-0.008559253395669986
2025-04-28,3.133,-0.0025502085864548274
2025-05-05,3.147,0.004458606112214936
2025-05-12,3.12,-0.008616616260878507
2025-05-19,3.173,0.01684451077966731
2025-05-26,3.16,-0.00410548500223773
2025-06-02,3.127,-0.010497949123116523
2025-06-09,3.108,-0.00609464597030307
2025-06-16,3.139,0.009924845354415401
2025-06-23,3.213,0.023300802273904964
2025-06-30,3.164,-0.0153680302283139
2025-07-07,3.125,-0.012402766717042768
2025-07-14,3.13,0.0015987213636969866
2025-07-21,3.121,-0.002879541263419494
2025-07-28,3.123,0.0006406150122992837
2025-08-04,3.14,0.005428721619220367
2025-08-11,3.118,-0.007031029284577217
2025-08-18,3.125,0.0022425125527800738
2025-08-25,3.147,0.007015334893904823
2025-09-01,3.177,0.009487737205109426
2025-09-08,3.192,0.004710324300183366
2025-09-15,3.168,-0.007547205635382914
2025-09-22,3.173,0.0015770386488789256
2025-09-29,3.118,-0.0174857419654737
2025-10-06,3.124,0.0019224613418549197
2025-10-13,3.061,-0.020372572014164314
2025-10-20,3.019,-0.013816009238573512
2025-10-27,3.035,0.005285773786759762
2025-11-03,3.019,-0.005285773786759762
2025-11-10,3.056,0.01218122057957216
2025-11-17,3.062,0.0019614259312179527
2025-11-24,3.061,-0.0003266372722166011
2025-12-01,2.985,-0.025141913118710058
2025-12-08,2.94,-0.015190165493975005
2025-12-15,2.895,-0.015424470325631656
2025-12-22,2.841,-0.018829008152907667
2025-12-29,2.811,-0.010615810947656179
2026-01-05,2.796,-0.005350467552831084
2026-01-12,2.779,-0.006098673611196981
2026-01-19,2.806,0.00966883091990245
2026-01-26,2.853,0.016611090551093888
2026-02-02,2.867,0.0048951146698696935
2026-02-09,2.902,0.012133967560763459
2026-02-16,2.924,0.007552387425535878
2026-02-23,2.937,0.004436110328950971
2026-03-02,3.015,0.0262111779626657
2026-03-09,3.502,0.14973440368451119
2026-03-16,3.72,0.06038943442139533
2026-03-23,3.961,0.06277285035472424
2026-03-30,3.99,0.007294712261992631
2026-04-06,4.12,0.032061932459662934
2026-04-13,4.123,0.0007278903633278766
2026-04-20,4.044,-0.01934675256653806
2026-04-27,4.123,0.01934675256653806
2026-05-04,4.452,0.07677237968853534
2026-05-11,4.5,0.010723963362975875
2026-05-18,4.49,-0.0022246950221112005
2026-05-25,4.475,-0.0033463500273442914
2026-06-01,4.305,-0.03872921384712469
2026-06-08,4.146,-0.037633123866106066
2026-06-15,4.052,-0.022933427627151115
2026-06-22,3.914,-0.03465071741255232
