"Consumer Price Index, monthly, seasonally adjusted 1 2 3 4 5 6 7"
"Frequency: Monthly"
"Table: 18-10-0006-01 (formerly CANSIM 326-0022)"
"Release date: 2026-06-22"
"Geography: Canada"
""
""

"Geography","Canada",,,,,,,,,,,,,,,,,,,,,,,,,,,,,,,,,,,,,,,,,,,,,,,,,,,,,,,,,,,,,,,,,,,,,,,,,,,,,,,,,,,,,,,,,,,,,,,,,,,,,,,,,,,,,,,,,,,,,,,,,,,,,,,,,,,,,,,,,,,,,,,,,,,,,,,,,,,,,,,,,,,,,,,,,,,,,,,,,,,,,,,,,,,,,,,,,,,,,,,,,,,,,,,,,,,,,,,,,,,,,,,,,,,,,,,,,,,,,,,,,,,,,,,,,,,,,,,,,,,,,,,,,,,,,,,,,,,,,,,,,,,,,,,,,,,,,,,,,,,,,,,,,,,,,,,,,,,,,,,,,,,,,,,,,,,,,,,,,,,,,,,,,,,,,,,,,,,,,,,,,,,,,,,,,,,,,,,,,,,,,,,,,,,,,,,,,,,,,,,,,,,,,,,,,,,,
"Products and product groups 7","January 1992","February 1992","March 1992","April 1992","May 1992","June 1992","July 1992","August 1992","September 1992","October 1992","November 1992","December 1992","January 1993","February 1993","March 1993","April 1993","May 1993","June 1993","July 1993","August 1993","September 1993","October 1993","November 1993","December 1993","January 1994","February 1994","March 1994","April 1994","May 1994","June 1994","July 1994","August 1994","September 1994","October 1994","November 1994","December 1994","January 1995","February 1995","March 1995","April 1995","May 1995","June 1995","July 1995","August 1995","September 1995","October 1995","November 1995","December 1995","January 1996","February 1996","March 1996","April 1996","May 1996","June 1996","July 1996","August 1996","September 1996","October 1996","November 1996","December 1996","January 1997","February 1997","March 1997","April 1997","May 1997","June 1997","July 1997","August 1997","September 1997","October 1997","November 1997","December 1997","January 1998","February 1998","March 1998","April 1998","May 1998","June 1998","July 1998","August 1998","September 1998","October 1998","November 1998","December 1998","January 1999","February 1999","March 1999","April 1999","May 1999","June 1999","July 1999","August 1999","September 1999","October 1999","November 1999","December 1999","January 2000","February 2000","March 2000","April 2000","May 2000","June 2000","July 2000","August 2000","September 2000","October 2000","November 2000","December 2000","January 2001","February 2001","March 2001","April 2001","May 2001","June 2001","July 2001","August 2001","September 2001","October 2001","November 2001","December 2001","January 2002","February 2002","March 2002","April 2002","May 2002","June 2002","July 2002","August 2002","September 2002","October 2002","November 2002","December 2002","January 2003","February 2003","March 2003","April 2003","May 2003","June 2003","July 2003","August 2003","September 2003","October 2003","November 2003","December 2003","January 2004","February 2004","March 2004","April 2004","May 2004","June 2004","July 2004","August 2004","September 2004","October 2004","November 2004","December 2004","January 2005","February 2005","March 2005","April 2005","May 2005","June 2005","July 2005","August 2005","September 2005","October 2005","November 2005","December 2005","January 2006","February 2006","March 2006","April 2006","May 2006","June 2006","July 2006","August 2006","September 2006","October 2006","November 2006","December 2006","January 2007","February 2007","March 2007","April 2007","May 2007","June 2007","July 2007","August 2007","September 2007","October 2007","November 2007","December 2007","January 2008","February 2008","March 2008","April 2008","May 2008","June 2008","July 2008","August 2008","September 2008","October 2008","November 2008","December 2008","January 2009","February 2009","March 2009","April 2009","May 2009","June 2009","July 2009","August 2009","September 2009","October 2009","November 2009","December 2009","January 2010","February 2010","March 2010","April 2010","May 2010","June 2010","July 2010","August 2010","September 2010","October 2010","November 2010","December 2010","January 2011","February 2011","March 2011","April 2011","May 2011","June 2011","July 2011","August 2011","September 2011","October 2011","November 2011","December 2011","January 2012","February 2012","March 2012","April 2012","May 2012","June 2012","July 2012","August 2012","September 2012","October 2012","November 2012","December 2012","January 2013","February 2013","March 2013","April 2013","May 2013","June 2013","July 2013","August 2013","September 2013","October 2013","November 2013","December 2013","January 2014","February 2014","March 2014","April 2014","May 2014","June 2014","July 2014","August 2014","September 2014","October 2014","November 2014","December 2014","January 2015","February 2015","March 2015","April 2015","May 2015","June 2015","July 2015","August 2015","September 2015","October 2015","November 2015","December 2015","January 2016","February 2016","March 2016","April 2016","May 2016","June 2016","July 2016","August 2016","September 2016","October 2016","November 2016","December 2016","January 2017","February 2017","March 2017","April 2017","May 2017","June 2017","July 2017","August 2017","September 2017","October 2017","November 2017","December 2017","January 2018","February 2018","March 2018","April 2018","May 2018","June 2018","July 2018","August 2018","September 2018","October 2018","November 2018","December 2018","January 2019","February 2019","March 2019","April 2019","May 2019","June 2019","July 2019","August 2019","September 2019","October 2019","November 2019","December 2019","January 2020","February 2020","March 2020","April 2020","May 2020","June 2020","July 2020","August 2020","September 2020","October 2020","November 2020","December 2020","January 2021","February 2021","March 2021","April 2021","May 2021","June 2021","July 2021","August 2021","September 2021","October 2021","November 2021","December 2021","January 2022","February 2022","March 2022","April 2022","May 2022","June 2022","July 2022","August 2022","September 2022","October 2022","November 2022","December 2022","January 2023","February 2023","March 2023","April 2023","May 2023","June 2023","July 2023","August 2023","September 2023","October 2023","November 2023","December 2023","January 2024","February 2024","March 2024","April 2024","May 2024","June 2024","July 2024","August 2024","September 2024","October 2024","November 2024","December 2024","January 2025","February 2025","March 2025","April 2025","May 2025","June 2025","July 2025","August 2025","September 2025","October 2025","November 2025","December 2025","January 2026","February 2026","March 2026","April 2026","May 2026"
,"2002=100",,,,,,,,,,,,,,,,,,,,,,,,,,,,,,,,,,,,,,,,,,,,,,,,,,,,,,,,,,,,,,,,,,,,,,,,,,,,,,,,,,,,,,,,,,,,,,,,,,,,,,,,,,,,,,,,,,,,,,,,,,,,,,,,,,,,,,,,,,,,,,,,,,,,,,,,,,,,,,,,,,,,,,,,,,,,,,,,,,,,,,,,,,,,,,,,,,,,,,,,,,,,,,,,,,,,,,,,,,,,,,,,,,,,,,,,,,,,,,,,,,,,,,,,,,,,,,,,,,,,,,,,,,,,,,,,,,,,,,,,,,,,,,,,,,,,,,,,,,,,,,,,,,,,,,,,,,,,,,,,,,,,,,,,,,,,,,,,,,,,,,,,,,,,,,,,,,,,,,,,,,,,,,,,,,,,,,,,,,,,,,,,,,,,,,,,,,,,,,,,,,,,,,,,,,,,
"All-items 8","83.1","83.2","83.6","83.7","83.9","84.1","84.1","84.2","84.3","84.4","84.5","84.7","84.9","85.2","85.2","85.3","85.4","85.4","85.5","85.7","85.8","86.0","86.1","86.1","86.0","85.3","85.3","85.3","85.2","85.3","85.6","85.8","85.9","85.8","86.1","86.4","86.6","87.0","87.2","87.4","87.7","87.7","87.8","87.7","87.8","87.8","87.9","87.9","88.0","88.1","88.5","88.7","88.9","88.9","88.9","89.0","89.1","89.4","89.7","89.9","90.0","90.1","90.2","90.2","90.2","90.3","90.4","90.6","90.6","90.6","90.5","90.6","91.1","91.1","91.1","91.0","91.1","91.2","91.2","91.3","91.1","91.6","91.6","91.6","91.8","91.8","92.0","92.5","92.6","92.6","92.8","93.2","93.5","93.6","93.7","94.0","94.0","94.3","94.8","94.4","94.7","95.3","95.6","95.5","95.9","96.3","96.8","97.0","96.8","96.9","97.1","97.8","98.4","98.4","98.1","98.2","98.4","98.1","97.4","97.7","98.1","98.4","98.8","99.5","99.4","99.6","100.3","100.7","100.8","101.3","101.6","101.5","102.4","102.9","103.0","102.3","102.1","102.3","102.5","102.8","103.0","102.9","103.1","103.6","103.7","103.7","103.7","104.0","104.7","104.8","104.8","104.7","104.8","105.2","105.7","105.8","105.8","105.9","106.2","106.4","106.3","106.6","106.8","107.3","108.3","108.1","107.9","108.0","108.9","108.5","108.6","109.1","109.2","109.1","109.2","109.4","109.0","109.1","109.5","109.9","110.2","110.6","111.2","111.5","111.5","111.3","111.4","111.3","111.7","111.9","112.2","112.6","112.4","112.6","112.8","113.3","114.1","114.9","115.4","115.4","115.5","114.7","114.3","113.9","113.7","114.1","114.0","113.7","114.2","114.7","114.3","114.5","114.6","114.8","115.4","115.4","115.8","115.9","115.6","115.6","115.7","116.0","116.6","116.5","116.7","117.4","117.7","118.2","118.4","118.3","119.1","119.6","120.0","119.6","119.8","120.1","120.5","120.9","121.0","120.8","121.5","121.4","121.5","121.9","121.5","121.2","121.2","121.7","121.9","122.2","122.1","122.0","122.1","122.9","122.8","122.3","122.3","122.6","122.8","122.9","123.1","123.0","123.2","123.6","123.9","124.3","124.5","125.0","125.1","125.4","125.4","125.5","125.7","125.9","125.7","125.5","125.1","125.5","126.1","125.8","126.3","126.8","127.1","127.1","127.0","127.2","127.3","127.4","127.5","127.3","127.7","127.9","128.3","128.6","128.5","128.6","128.8","129.1","128.9","129.3","130.1","129.9","129.7","130.1","129.9","129.9","130.1","130.4","130.7","130.9","131.7","131.8","132.3","132.6","132.7","132.8","132.9","133.1","133.7","133.9","133.8","134.2","134.0","134.3","134.3","134.7","135.2","135.6","136.0","135.9","136.4","136.4","136.3","136.7","136.8","137.3","137.5","137.7","136.3","135.6","135.4","136.5","136.5","136.8","137.1","137.5","138.0","138.5","139.1","139.4","139.5","139.9","140.3","140.7","141.4","142.3","143.1","143.9","144.5","145.2","146.3","147.3","148.9","149.4","151.1","152.2","152.2","152.1","152.8","153.7","154.3","154.2","154.9","155.1","155.3","156.1","156.2","156.6","157.2","158.3","158.6","158.5","159.0","159.4","159.4","159.4","159.8","160.3","160.7","160.8","161.2","161.3","161.2","161.7","162.0","162.3","162.5","163.5","163.5","163.1","163.5","163.9","164.0","164.3","165.0","165.2","165.6","166.1","166.2","166.5","167.3","167.9","168.7"
"Food","82.0","82.2","82.9","83.0","82.8","83.3","83.1","83.5","83.6","83.5","83.6","83.5","83.8","84.2","84.2","83.9","84.7","84.5","84.5","84.6","84.7","84.8","84.9","85.0","84.9","84.5","84.2","84.4","84.4","84.4","84.9","85.2","85.1","85.4","85.4","85.3","86.2","86.6","86.8","87.6","87.0","87.0","87.0","86.7","87.0","87.0","86.7","87.0","86.9","87.0","87.3","88.2","87.7","88.0","87.9","88.1","88.4","88.9","89.2","88.9","88.9","89.2","89.2","88.9","89.1","89.1","89.6","89.6","89.6","89.7","90.0","89.9","91.0","90.4","90.5","90.4","90.6","91.0","90.8","90.8","90.8","91.0","91.5","91.3","92.1","91.8","91.8","92.0","91.9","92.0","91.9","91.8","92.1","92.4","92.3","92.3","91.8","91.8","92.1","92.3","92.8","93.1","93.6","94.1","94.3","94.3","94.3","95.3","95.0","95.9","96.6","96.9","97.5","97.5","97.9","98.0","98.2","98.4","98.1","98.7","99.3","100.1","99.7","100.2","99.6","99.7","99.8","100.1","100.2","99.9","100.7","100.7","101.3","101.4","101.5","101.3","101.7","101.7","101.8","101.7","101.9","101.9","102.1","102.5","102.4","102.6","102.5","102.2","103.0","103.7","103.9","104.3","104.7","105.3","105.6","105.6","105.1","104.9","105.4","106.5","106.4","106.5","106.5","106.9","106.8","107.2","107.1","107.4","107.9","107.9","108.1","108.1","108.3","108.6","108.8","109.3","109.7","110.2","110.4","109.9","110.6","112.3","112.0","112.1","112.1","111.9","111.9","111.9","111.8","111.7","111.7","111.8","112.1","112.5","112.8","113.1","114.3","115.2","116.0","116.8","118.0","118.5","119.7","119.9","120.4","121.0","121.4","121.5","121.5","121.6","121.6","121.4","121.2","121.3","121.8","122.1","122.2","122.4","122.9","122.7","122.5","122.5","123.0","123.3","123.7","123.8","123.4","124.2","124.6","124.7","126.8","127.0","127.5","128.0","128.4","128.6","129.1","129.2","129.4","129.7","130.0","129.8","129.7","130.2","130.5","130.4","131.0","131.4","131.2","131.7","131.7","131.7","131.1","132.3","132.3","132.0","132.0","132.0","132.2","132.9","132.9","132.9","133.2","133.0","132.6","133.5","133.9","134.6","135.1","135.9","136.0","135.8","136.6","136.7","137.4","138.0","138.6","138.7","139.0","139.4","140.2","140.4","140.3","140.7","141.5","142.4","142.2","143.1","144.0","144.2","144.3","143.5","142.8","142.2","142.4","142.2","141.6","141.5","141.4","141.1","140.8","140.9","141.3","142.1","142.7","143.0","143.3","143.5","143.5","143.4","143.7","143.8","144.0","144.1","144.0","144.6","144.3","144.9","145.2","145.7","146.1","146.3","146.7","147.8","147.9","148.5","149.0","149.0","149.5","150.2","150.8","151.0","151.3","151.5","151.7","152.2","152.9","152.1","152.3","154.0","153.9","154.4","154.4","153.8","153.5","154.7","154.5","154.2","154.3","154.9","155.0","155.3","156.1","156.4","157.0","158.1","159.3","160.5","161.3","162.3","163.3","165.4","167.3","169.3","170.1","170.3","171.6","173.5","175.2","176.1","177.5","178.4","180.4","181.4","182.2","183.1","184.1","184.6","185.1","185.4","185.7","186.1","186.5","187.3","187.6","187.5","187.7","187.2","188.6","189.9","190.1","190.5","190.8","191.7","191.7","188.4","186.4","190.0","193.6","194.5","195.0","195.5","196.3","196.9","198.0","198.1","199.6","200.0","200.0","200.5","201.3","201.6","202.4"
"Shelter","87.6","87.6","87.5","87.4","87.6","87.5","87.7","87.9","87.7","88.4","88.6","88.7","88.9","88.9","88.9","89.0","88.9","88.9","88.9","89.0","89.0","89.4","89.5","89.6","89.5","89.5","89.4","88.9","89.0","89.2","89.2","89.4","89.4","89.7","89.8","90.1","90.2","90.2","90.3","90.1","90.3","90.5","90.5","90.5","90.5","90.4","90.6","90.6","90.6","90.6","90.6","90.5","90.6","90.4","90.5","90.3","90.5","90.9","90.6","90.8","90.9","90.9","90.9","90.9","90.7","90.8","90.8","90.6","90.6","90.7","90.7","90.8","90.9","90.7","90.9","90.9","90.9","90.9","91.0","91.1","91.0","91.6","91.6","91.7","91.8","91.8","91.8","92.1","91.9","92.0","92.1","92.3","92.8","93.0","93.1","93.5","93.8","94.4","94.5","94.5","94.7","95.0","95.5","95.8","96.3","97.2","97.7","98.1","97.5","97.4","98.3","98.9","100.0","100.3","99.9","99.9","99.6","99.8","98.4","98.9","99.3","99.4","99.4","99.1","99.4","99.4","99.5","100.3","100.7","101.8","101.7","100.2","102.1","102.5","103.2","102.4","102.9","103.4","103.3","103.4","103.6","103.9","103.9","104.4","104.3","104.6","104.6","105.1","105.3","105.7","106.0","106.2","106.5","107.0","107.4","107.5","107.5","107.7","108.1","108.4","108.6","108.8","109.4","109.3","110.0","110.7","110.8","110.5","111.8","111.7","111.9","112.2","113.0","112.8","113.2","113.5","114.0","114.1","114.1","114.6","114.8","114.9","115.4","116.2","116.0","116.8","117.0","117.6","117.8","118.7","118.8","119.2","119.2","119.6","120.1","121.2","121.6","122.3","123.3","123.8","123.1","123.2","123.4","123.4","123.1","123.2","122.6","121.4","121.4","121.3","120.9","121.1","120.9","121.2","121.3","121.3","121.8","121.8","121.7","122.4","123.0","123.3","124.3","124.0","123.9","124.6","124.4","124.6","124.5","124.5","124.6","125.2","125.2","125.4","125.9","126.2","125.7","126.5","126.3","126.8","127.1","126.9","126.6","126.6","126.7","127.0","127.2","127.4","127.2","127.6","127.5","127.5","127.8","127.9","128.0","128.2","128.3","128.5","128.8","128.8","129.0","129.2","129.8","129.9","130.5","130.7","131.4","132.4","132.6","132.2","132.6","132.4","132.5","132.8","132.8","133.0","133.1","133.1","133.3","133.1","133.2","133.5","133.8","133.9","133.9","134.3","134.4","134.5","134.6","134.7","134.8","134.9","135.1","135.6","136.0","136.2","136.2","136.9","137.2","137.3","137.8","137.6","137.7","137.9","137.7","137.8","137.7","138.0","138.1","138.6","138.9","139.2","139.7","140.0","140.0","140.3","140.4","140.5","141.0","141.2","141.5","142.0","142.3","142.3","143.0","143.4","143.8","144.1","144.2","144.0","144.3","144.6","144.8","145.7","145.9","146.3","146.4","146.7","146.5","146.0","145.6","146.4","146.4","146.8","147.3","148.3","148.7","148.7","148.4","148.8","150.0","150.7","151.7","152.8","153.5","153.9","154.4","155.4","155.9","156.8","157.6","158.6","160.2","161.9","163.0","163.6","164.2","164.1","164.9","166.2","167.2","167.8","168.0","168.3","168.9","169.9","170.6","171.4","172.6","174.0","174.8","176.3","177.1","177.8","178.4","179.2","179.9","180.8","181.5","182.1","182.5","183.3","183.5","184.8","185.3","185.8","186.4","186.7","187.0","186.9","186.9","187.3","187.9","188.0","188.2","189.4","189.6","189.7","189.6","189.5","190.1","190.2","190.1"
"Household operations, furnishings and equipment","87.7","87.7","87.6","87.6","87.7","87.7","87.9","88.1","87.9","87.9","88.2","88.3","88.3","88.3","88.0","88.5","88.6","88.7","88.8","88.8","89.0","89.3","89.2","89.1","88.8","89.0","88.8","88.9","88.5","88.7","88.6","88.6","89.0","89.0","89.1","89.5","89.6","89.8","90.1","90.3","90.6","90.5","90.7","90.9","90.9","91.3","91.3","91.4","91.8","91.8","92.2","92.1","92.4","92.8","92.9","93.2","92.9","92.7","92.8","93.0","93.5","93.3","93.6","93.6","93.6","93.5","93.6","93.6","93.8","94.1","93.9","94.4","95.4","95.3","95.1","95.1","95.1","94.9","94.9","94.9","95.3","94.9","95.0","95.1","95.0","95.3","95.3","95.4","95.8","96.0","95.9","95.9","96.1","96.3","96.3","96.2","95.8","96.1","96.3","96.1","96.2","96.5","97.0","97.1","96.9","97.2","97.4","97.4","97.4","97.6","97.7","98.2","98.5","98.7","98.7","98.9","99.3","99.3","99.1","99.5","99.6","99.5","99.8","99.8","99.9","100.1","100.3","100.4","99.9","100.0","100.4","100.4","100.4","100.6","100.5","100.5","100.5","100.6","100.7","100.8","101.0","101.2","101.1","101.1","101.1","101.2","101.1","101.5","101.3","101.1","101.1","101.1","101.2","101.2","101.3","101.4","101.5","101.4","101.5","101.4","101.6","101.8","101.8","101.8","102.0","101.7","102.2","102.2","102.5","102.3","102.2","102.1","102.3","102.2","101.6","101.9","102.0","102.2","102.3","102.3","102.6","102.8","103.0","103.0","102.9","103.1","103.4","103.8","103.5","103.4","103.4","103.7","103.6","104.0","103.9","104.2","104.2","104.3","104.5","104.5","105.4","105.2","105.6","105.8","105.9","106.2","106.6","107.1","107.5","107.4","107.3","107.1","107.7","107.9","108.5","107.8","108.1","108.1","108.1","108.3","108.6","108.6","109.4","109.2","109.1","109.3","109.5","109.6","109.8","109.8","110.3","109.6","110.2","110.7","110.7","111.5","111.5","111.8","112.1","112.1","112.4","112.6","112.4","112.5","112.8","113.0","113.0","112.9","113.2","113.4","113.6","113.6","113.9","114.1","114.4","114.2","113.9","114.0","114.4","114.3","114.5","114.6","114.7","115.2","115.2","115.2","115.4","115.3","115.6","116.1","116.1","117.5","117.6","117.9","118.3","118.5","118.5","118.9","119.1","119.5","119.5","119.6","119.8","120.4","120.6","120.5","120.0","120.2","120.4","120.9","121.2","121.5","121.9","122.1","122.2","122.3","122.0","122.0","121.6","121.8","121.9","121.6","121.3","122.0","122.2","122.4","122.0","122.0","121.6","122.2","122.7","121.4","122.8","123.3","122.7","123.7","122.6","122.3","122.9","123.0","123.3","123.8","123.8","123.9","123.8","123.5","123.3","123.5","123.8","124.0","123.4","123.5","123.6","123.6","123.6","123.4","123.2","123.6","123.6","123.8","123.4","123.5","123.9","123.9","123.8","124.0","124.3","124.3","124.9","124.6","123.3","124.0","124.4","124.5","125.4","125.6","125.9","126.4","126.5","127.2","127.0","127.6","129.2","129.4","131.4","131.8","131.7","132.0","132.6","132.6","133.0","132.8","131.8","132.8","133.6","133.3","132.7","132.1","131.5","131.8","131.2","130.9","131.1","130.8","131.1","130.5","130.5","130.5","130.6","131.0","131.5","130.8","130.9","130.8","130.2","129.8","131.0","131.7","131.5","131.9","132.7","132.8","133.3","133.5","133.9","134.5","134.6","134.6","134.1","133.3","132.8","132.8","132.6"
"Clothing and footwear","94.1","94.8","94.8","94.7","95.5","95.1","95.0","95.7","95.1","95.7","95.1","95.5","95.9","95.4","95.6","95.8","95.8","96.4","96.4","96.0","96.1","96.0","96.2","96.4","96.5","96.7","97.1","97.0","96.2","97.0","97.5","96.8","96.3","96.1","96.3","97.7","97.2","97.2","96.4","97.0","96.8","96.5","96.5","96.3","97.0","96.5","97.2","96.1","96.2","96.4","96.5","96.0","96.6","95.6","96.1","96.0","96.5","96.7","96.6","96.9","96.3","96.3","96.9","98.0","98.1","98.1","97.7","98.2","97.6","98.2","98.0","98.2","98.7","98.7","98.4","98.1","98.3","98.9","98.7","99.2","98.3","99.4","99.4","99.0","99.6","99.3","99.8","100.1","100.2","100.3","100.3","100.7","100.7","100.4","100.3","99.8","100.4","100.1","99.9","99.5","100.2","100.5","100.3","100.0","100.5","100.6","100.3","101.6","101.0","101.2","101.1","100.8","100.5","100.5","101.3","101.4","100.9","100.1","99.9","100.1","98.8","100.1","100.2","100.9","100.3","100.4","100.5","100.1","100.1","99.9","99.8","98.7","98.3","98.4","98.6","98.1","98.9","97.4","97.8","97.4","97.8","97.9","98.8","98.9","99.2","98.5","98.3","98.1","98.2","98.3","97.3","97.5","97.6","98.1","97.8","97.2","97.1","98.0","98.6","97.6","97.5","97.9","97.5","97.6","98.1","97.2","96.1","97.1","96.2","95.7","96.5","95.6","96.4","95.6","94.9","95.8","96.0","95.9","96.0","95.1","96.4","95.7","95.6","97.3","95.9","94.6","96.1","95.7","95.0","95.2","95.4","95.5","94.4","94.5","94.2","93.5","92.8","94.0","94.8","94.3","94.0","92.7","92.9","92.7","94.2","94.4","94.0","94.0","93.4","92.5","93.3","92.9","92.9","92.8","93.9","93.5","92.8","91.9","92.0","92.6","92.0","92.0","91.0","91.3","90.6","91.6","91.0","91.5","91.0","90.5","91.6","90.9","92.3","92.2","92.1","92.1","93.0","92.9","92.3","91.9","92.6","93.0","92.3","92.9","91.9","91.7","91.3","90.9","91.3","91.6","91.8","92.0","91.3","92.4","92.9","92.4","92.5","92.4","92.4","92.8","91.8","91.2","91.4","92.2","92.5","92.1","91.9","92.8","93.2","93.7","93.6","93.1","93.6","94.0","94.0","93.9","94.3","94.3","94.5","94.3","93.9","93.9","94.7","95.0","94.9","94.9","95.4","94.2","93.9","93.2","94.3","94.3","94.9","95.0","94.2","94.5","95.1","94.8","94.2","94.3","94.1","93.9","93.9","92.4","93.6","93.3","94.1","94.0","93.1","93.4","94.0","94.5","94.5","94.2","93.9","94.5","94.3","94.9","94.7","94.7","94.5","94.7","94.6","94.6","95.0","95.6","95.4","95.5","95.7","95.7","95.7","95.8","96.9","96.9","97.1","97.3","97.9","98.4","98.7","92.0","90.5","92.7","93.7","94.4","93.6","93.3","94.1","93.7","93.9","93.7","93.6","93.9","93.9","93.7","94.3","94.0","94.1","94.2","94.9","94.6","95.3","94.8","94.6","94.4","95.8","96.1","95.5","95.3","95.5","95.7","95.4","96.2","95.9","96.6","96.7","96.8","96.4","96.1","96.2","96.8","96.7","95.7","96.2","97.3","94.7","92.5","94.0","94.2","93.5","92.9","93.4","92.6","92.7","93.5","92.7","93.1","93.5","93.8","94.0","93.4","94.0","94.7","94.0","94.1","93.6","93.4","93.6","93.6","94.2","94.3","93.9","95.1","95.2"
"Transportation","73.6","72.7","73.6","73.7","74.0","74.7","75.3","74.5","74.3","74.2","76.2","75.9","76.2","76.2","76.2","75.9","75.9","76.1","76.8","76.8","76.9","76.8","78.8","78.6","78.0","79.0","79.0","79.4","79.4","80.0","80.9","81.2","80.9","80.2","82.0","82.4","82.7","83.1","83.5","83.8","84.8","84.8","84.8","84.4","84.7","84.4","85.3","85.8","85.8","85.8","86.5","87.4","88.5","87.9","87.0","87.2","87.3","87.4","90.3","90.6","90.5","90.3","90.4","90.1","90.1","90.4","89.9","90.8","90.9","90.2","90.5","90.2","90.2","89.8","89.5","89.4","89.8","89.8","89.6","89.4","89.2","89.6","90.1","89.5","89.4","89.2","90.2","91.9","92.3","92.0","92.8","94.0","94.5","94.5","94.7","95.4","94.7","95.6","97.5","96.1","96.6","98.0","97.6","96.7","98.1","97.8","99.7","98.5","97.6","97.8","96.8","98.3","99.7","98.9","97.0","97.4","98.9","96.9","94.4","93.7","94.4","94.8","97.1","99.5","99.8","99.7","100.7","101.9","101.8","102.6","103.5","104.2","105.6","107.2","107.6","105.5","104.0","103.8","104.1","105.9","105.6","103.9","104.8","104.7","105.8","105.6","106.2","106.7","110.2","109.4","108.8","107.6","106.9","107.6","109.1","108.5","108.8","109.3","110.3","111.2","110.9","111.3","111.8","113.9","116.7","114.0","113.2","113.1","114.7","112.7","114.2","117.9","117.8","117.3","118.3","118.0","112.8","111.7","112.7","114.1","113.3","114.2","117.7","118.6","120.7","119.2","118.5","116.3","116.9","115.2","116.7","117.5","118.7","118.4","118.0","119.6","121.7","124.0","124.0","122.4","122.3","118.3","114.2","111.7","109.8","111.5","110.7","109.8","111.6","114.6","113.0","114.4","113.5","114.6","116.3","117.0","117.6","117.5","116.8","115.9","116.0","116.5","116.7","117.4","117.7","120.1","121.5","122.4","123.2","123.3","124.2","125.7","126.6","124.8","124.5","125.6","126.9","127.8","128.5","126.7","128.2","128.4","128.9","130.1","127.9","126.3","126.0","127.6","128.7","129.3","128.2","127.7","127.7","131.1","129.0","127.8","127.6","128.8","128.9","129.0","129.5","129.5","128.7","130.3","130.2","131.5","131.1","131.3","131.0","131.3","130.7","130.8","130.3","130.5","128.6","126.8","123.2","124.8","126.3","125.6","126.6","128.3","128.7","128.0","125.6","126.3","126.8","127.1","125.9","124.6","125.4","126.9","128.0","129.0","128.2","128.3","129.0","130.1","128.9","130.7","133.5","132.9","131.4","132.2","130.9","129.8","130.7","132.0","134.0","134.0","136.5","136.9","137.4","138.6","138.3","138.0","138.2","139.1","140.1","140.4","139.8","140.3","138.8","138.6","137.8","139.1","140.8","141.3","142.4","141.5","142.3","142.4","141.7","142.2","142.8","144.1","145.0","144.9","138.3","136.2","138.1","140.4","140.2","140.6","141.8","141.9","143.1","144.9","146.8","148.3","148.4","149.4","148.6","148.5","149.5","152.4","153.9","155.5","156.7","157.7","159.3","161.6","165.2","165.9","170.1","173.9","170.8","168.1","167.8","170.4","170.0","166.9","167.7","166.5","165.8","167.7","166.5","168.4","169.1","171.7","173.0","170.3","170.0","171.1","169.6","170.3","171.5","172.5","172.5","171.8","172.7","171.8","170.5","171.2","172.0","174.1","174.8","175.0","173.0","170.1","170.6","171.0","170.7","171.2","172.7","172.5","173.0","172.9","172.0","173.9","178.5","182.1","184.3"
"Health and personal care","85.3","85.1","85.5","86.1","86.2","86.4","87.0","87.3","87.3","87.4","87.6","87.7","87.9","88.1","88.3","88.4","88.8","88.9","88.9","89.2","89.4","89.7","89.4","89.7","89.7","90.0","89.9","90.0","90.0","89.9","89.3","89.4","89.8","89.6","89.7","89.6","89.8","89.7","89.6","89.4","89.4","89.4","89.7","89.7","89.4","89.6","89.6","89.7","89.7","89.7","89.8","89.9","89.9","90.0","90.0","90.2","90.4","90.4","90.7","90.7","90.8","91.1","91.3","91.6","91.5","91.9","91.8","91.8","91.8","92.0","92.3","92.6","92.8","92.8","93.0","93.1","93.3","93.5","93.8","93.9","94.1","94.1","94.4","94.4","94.6","94.6","94.7","95.1","95.3","95.4","95.6","95.7","95.9","95.8","95.8","96.1","96.3","96.3","96.5","96.4","96.7","96.6","96.9","97.3","97.3","97.6","97.8","97.8","98.2","98.4","98.6","98.6","98.7","99.2","99.4","98.8","99.0","99.5","99.3","99.3","99.2","99.5","99.5","99.7","99.9","100.2","99.9","100.1","100.2","100.5","100.6","100.7","100.9","101.0","100.8","101.0","101.1","100.9","101.0","101.7","101.8","101.8","102.1","102.1","102.3","102.2","102.7","102.8","102.8","102.9","103.0","102.8","103.2","103.1","102.8","103.4","103.4","103.8","104.1","104.4","104.3","104.6","105.0","105.0","104.8","105.0","105.2","105.4","105.4","105.5","105.7","105.7","105.8","105.9","105.7","105.6","106.0","106.2","106.4","106.4","106.6","106.7","106.6","106.7","107.0","107.5","107.5","107.6","107.6","107.7","107.7","107.9","107.8","107.9","108.3","108.3","108.3","108.3","108.4","109.3","109.2","109.3","109.9","110.1","110.6","110.7","110.9","111.0","111.9","112.5","112.5","112.2","113.5","113.0","113.4","113.4","114.1","114.0","113.7","114.4","114.3","114.5","115.8","116.1","116.0","116.2","116.0","116.1","116.0","116.2","116.7","116.9","116.9","116.7","116.9","117.3","117.5","117.6","117.8","118.3","118.2","118.5","118.6","118.5","118.6","118.7","118.6","119.6","118.5","118.8","118.7","118.8","118.6","118.6","118.6","118.3","118.0","118.2","118.1","118.1","118.4","118.1","118.0","118.2","118.3","118.4","118.4","118.6","118.9","118.8","119.1","119.2","119.3","119.0","119.8","119.8","120.0","120.1","119.8","119.9","120.4","120.4","120.7","120.4","120.7","120.8","121.5","121.3","121.5","121.5","121.7","121.9","122.1","122.1","122.1","122.5","122.6","122.8","122.9","123.0","123.4","123.4","123.7","123.9","124.0","124.2","124.6","124.7","124.6","125.1","124.4","125.0","125.2","125.6","126.3","125.9","126.0","126.2","126.1","126.4","126.3","126.3","125.1","126.0","126.0","126.4","126.7","126.8","127.3","127.7","127.9","127.5","127.8","127.8","128.0","128.3","128.8","128.9","128.9","128.4","128.4","128.3","128.6","129.4","129.8","130.1","130.4","130.4","130.6","130.8","131.0","132.0","132.2","132.5","133.1","133.0","133.6","133.8","134.0","134.1","134.5","135.0","135.5","136.4","136.9","137.5","138.3","138.8","139.3","140.2","141.4","142.3","143.0","143.5","144.4","145.3","145.5","146.0","146.2","146.8","147.0","147.2","147.4","147.5","148.4","149.0","149.1","149.6","150.5","150.3","150.4","150.7","151.4","151.8","151.6","152.2","151.9","152.4","152.8","152.4","153.7","154.1","154.6","154.9","155.3","155.5","156.2","156.6","157.0","157.3","157.7","157.6","157.8"
"Recreation, education and reading","78.9","78.9","79.0","78.8","78.9","79.0","79.2","79.2","79.2","79.3","79.7","79.8","80.2","80.3","80.3","80.8","80.7","81.0","80.9","81.1","81.3","81.7","81.9","82.3","82.6","82.8","83.0","83.1","83.0","83.1","83.0","83.3","83.8","84.1","84.6","85.1","85.1","85.5","86.0","86.2","86.4","86.6","87.2","87.2","87.3","87.1","88.1","87.2","87.6","87.6","87.7","88.0","88.3","88.4","89.1","89.4","89.5","89.7","89.7","90.0","90.3","90.2","90.6","90.6","90.6","91.5","90.9","91.1","91.4","91.5","91.4","91.6","92.1","92.9","92.9","92.9","93.3","93.2","93.0","93.1","92.9","93.3","93.3","93.5","93.4","93.5","93.6","93.9","94.2","94.6","94.8","95.0","95.5","95.6","95.9","95.9","95.9","96.0","96.3","96.4","96.6","97.1","97.3","97.4","97.5","97.7","97.7","97.9","98.2","98.2","98.3","98.6","98.6","98.6","98.5","98.6","98.4","98.0","98.2","98.6","98.7","99.1","99.3","99.3","99.8","99.9","100.4","100.5","100.5","100.5","100.9","100.9","101.1","101.4","100.7","100.5","100.3","100.4","100.2","100.4","100.7","101.0","101.3","101.0","100.9","101.0","101.2","101.1","101.2","101.2","101.1","100.9","101.1","101.1","101.2","101.2","101.1","100.9","100.8","100.9","100.5","100.7","100.8","100.8","100.9","100.8","100.7","100.8","100.9","100.7","100.7","100.7","101.0","100.7","100.4","100.3","100.2","100.3","100.7","100.8","101.2","101.3","101.5","101.4","101.6","101.8","102.0","102.0","102.0","102.0","102.1","102.0","101.6","102.0","102.0","102.1","102.4","102.3","102.2","102.5","102.4","102.2","102.0","102.0","101.9","102.4","102.5","102.9","103.2","103.1","103.2","103.3","103.4","103.7","103.8","103.7","103.5","105.6","103.2","103.3","102.9","103.5","104.0","103.9","104.0","104.4","104.5","104.8","105.2","105.3","105.6","105.5","105.4","105.3","105.5","105.1","105.4","105.3","105.0","105.0","105.0","105.1","105.6","106.0","106.1","106.0","105.8","106.2","106.0","105.9","106.4","106.4","106.2","105.9","105.8","105.8","105.9","105.9","106.3","106.3","106.1","106.3","106.8","106.8","107.2","107.5","106.9","106.9","107.2","107.4","107.3","107.7","107.7","108.0","107.6","107.9","108.0","108.7","108.9","108.3","109.3","109.7","109.6","110.1","110.3","110.4","109.9","110.2","110.5","110.4","110.6","110.7","111.0","111.0","111.5","111.4","111.8","112.1","112.5","112.9","113.9","114.0","114.5","114.3","113.6","114.1","113.6","113.5","114.3","113.8","114.6","114.3","114.5","114.7","115.8","113.9","115.2","114.3","115.9","116.0","115.7","116.1","115.9","115.9","115.9","115.8","116.0","116.1","117.3","116.8","119.2","118.5","117.0","117.3","115.8","115.5","115.4","116.1","115.3","115.2","114.8","115.1","114.4","115.1","116.0","115.8","117.1","118.1","118.4","116.4","116.0","116.8","116.9","116.9","117.6","117.6","118.3","119.4","119.8","120.3","121.3","121.6","122.7","121.7","122.8","124.3","124.6","124.4","124.6","124.5","124.6","124.5","124.9","124.8","124.8","125.6","126.2","126.0","126.9","127.3","127.0","127.6","129.3","126.6","125.5","126.4","127.2","126.7","127.5","126.8","126.8","127.2","127.0","126.5","128.0","128.7","128.0","130.9","128.3","128.6","128.4","128.7","128.3","128.1","128.9","128.9","128.6","128.8","129.6","130.9","130.9","130.0","131.7"
"Alcoholic beverages, tobacco products and recreational cannabis","79.8","79.9","80.2","80.5","80.9","81.0","81.3","81.4","81.5","81.5","81.6","81.7","81.8","81.8","81.9","82.1","82.1","81.9","82.3","82.6","82.7","82.6","82.5","82.5","82.4","68.3","68.1","67.7","67.4","67.4","67.3","67.3","67.3","67.4","67.5","67.5","67.5","67.6","68.2","68.3","68.6","68.7","69.0","69.0","69.1","69.4","69.4","69.4","69.4","69.5","69.6","69.7","69.9","70.0","70.2","70.2","70.3","70.3","70.3","71.5","71.5","71.7","71.9","71.9","72.0","72.3","72.1","72.5","72.6","72.9","73.1","73.0","73.2","74.4","74.5","74.6","74.7","74.7","75.0","75.3","75.5","75.7","75.8","75.7","75.8","75.8","75.9","76.2","76.3","76.4","76.6","76.5","76.6","76.7","77.0","77.7","77.9","78.0","78.4","78.6","78.5","78.9","79.2","79.2","79.6","79.6","79.8","80.1","80.4","80.5","80.8","83.8","84.8","85.0","85.3","86.0","86.2","86.6","90.4","90.6","91.0","91.5","92.8","94.9","95.7","100.0","104.5","104.8","105.1","106.3","106.8","106.6","107.1","108.2","108.7","109.2","109.7","110.0","110.2","110.6","111.0","111.1","111.4","113.6","114.2","114.4","114.8","115.4","115.5","116.1","116.4","116.8","116.9","117.2","117.2","117.3","117.7","117.7","118.5","118.5","118.9","119.1","119.4","119.6","120.0","119.9","120.2","119.9","120.0","120.5","121.5","121.9","121.8","121.8","121.5","121.8","122.0","122.2","122.3","123.2","124.2","124.2","124.1","124.5","125.2","125.7","126.0","126.1","126.6","126.3","126.5","126.2","126.4","126.8","126.6","126.7","127.4","127.7","127.6","127.5","128.0","128.0","128.5","128.7","129.2","129.2","129.7","129.7","131.2","131.6","131.5","131.4","131.3","131.4","131.3","131.2","131.1","131.4","131.5","131.8","132.1","132.2","134.5","134.4","134.4","134.5","134.6","134.6","135.2","135.0","134.8","135.0","135.7","135.6","136.1","136.1","135.9","135.8","135.8","135.8","136.3","136.6","137.5","137.7","137.7","137.5","137.6","137.9","137.7","137.8","138.3","138.3","138.9","139.4","139.8","140.1","141.1","140.9","140.5","140.4","140.9","141.0","141.1","141.2","141.1","143.0","145.2","145.1","145.8","146.5","147.1","148.2","148.5","149.2","149.5","149.6","150.1","150.5","150.6","151.4","151.5","151.9","152.1","152.3","152.8","152.9","154.0","154.2","154.9","155.4","156.1","156.4","156.3","156.3","156.9","157.0","157.5","158.1","158.3","158.8","159.2","159.4","159.5","159.9","160.2","160.8","161.5","161.7","162.3","162.4","162.8","163.1","163.6","164.4","166.0","167.5","167.6","168.5","168.8","169.4","169.6","169.8","170.1","170.3","170.9","171.0","170.9","171.1","171.3","170.9","170.8","171.0","170.9","171.4","172.1","170.9","171.5","171.3","171.4","171.7","171.7","171.8","171.9","171.7","172.2","172.6","172.3","172.4","172.7","173.2","173.4","174.0","174.7","175.2","174.8","175.9","176.0","176.4","176.8","177.0","178.2","178.6","179.1","179.4","179.8","180.4","181.5","182.0","182.6","183.7","184.7","185.7","186.5","187.4","188.7","189.0","189.8","190.3","191.1","191.6","192.1","192.3","193.2","193.4","194.3","194.2","194.7","195.5","195.8","196.3","196.3","197.6","197.8","198.2","198.4","194.8","192.3","195.4","199.4","199.6","199.9","200.0","200.1","200.1","200.9","201.2","201.3","201.6","201.7","202.0","201.9","201.8","202.5"
"All-items excluding food","83.3","83.5","83.7","83.9","84.1","84.1","84.3","84.4","84.3","84.6","84.7","84.7","85.1","85.4","85.4","85.5","85.6","85.6","85.7","85.8","86.0","86.2","86.3","86.3","86.2","85.6","85.6","85.6","85.4","85.7","85.7","85.9","86.0","85.9","86.2","86.6","86.7","87.0","87.3","87.5","87.8","87.8","87.9","87.9","88.1","88.0","88.1","88.1","88.2","88.4","88.6","88.9","89.3","89.1","89.1","89.1","89.2","89.4","89.9","90.1","90.2","90.3","90.5","90.5","90.5","90.6","90.5","90.7","90.8","90.8","90.5","90.8","91.1","91.2","91.1","91.1","91.3","91.3","91.4","91.4","91.2","91.6","91.6","91.6","91.8","91.8","92.0","92.6","92.6","92.7","93.1","93.5","93.8","93.9","93.9","94.3","94.4","94.9","95.2","94.9","95.1","95.7","96.0","95.8","96.3","96.7","97.3","97.4","97.2","97.2","97.1","97.9","98.5","98.5","98.2","98.3","98.5","98.1","97.3","97.5","97.9","98.0","98.5","99.3","99.3","99.6","100.4","100.9","101.0","101.6","101.9","101.6","102.7","103.2","103.2","102.5","102.3","102.4","102.6","103.0","103.2","103.0","103.4","103.8","103.9","103.8","103.9","104.3","105.1","105.1","105.0","104.8","104.8","105.3","105.8","105.8","105.8","106.2","106.3","106.4","106.2","106.7","106.9","107.4","108.7","108.3","108.1","108.2","108.2","108.0","108.7","109.5","109.9","109.6","109.7","109.9","109.3","108.9","109.1","109.3","109.1","109.7","110.9","111.4","112.0","111.8","111.9","111.7","112.1","111.8","112.0","112.0","112.5","112.6","112.9","113.4","114.1","114.9","115.2","115.0","115.0","113.9","113.1","112.6","112.3","112.8","112.5","112.1","112.6","113.3","112.7","113.1","113.1","113.4","114.1","114.1","114.5","114.6","114.2","114.3","114.4","114.6","115.1","115.2","115.3","116.1","116.5","117.0","117.2","117.0","117.6","118.0","118.4","118.0","118.2","118.5","118.9","119.1","119.3","119.2","119.6","119.7","119.8","120.1","119.8","119.6","119.4","119.8","120.0","120.3","120.2","120.1","120.2","121.1","120.8","120.4","120.5","120.8","121.0","121.0","121.2","121.0","121.3","121.9","122.1","122.6","122.7","123.0","123.2","123.3","123.3","123.5","123.6","123.7","123.4","123.2","122.5","123.1","123.5","123.3","123.7","124.1","124.5","124.5","124.2","124.3","124.4","124.5","124.4","124.1","124.5","125.0","125.5","125.9","125.9","126.0","126.3","126.7","126.5","127.1","128.0","127.8","127.4","127.8","127.4","127.3","127.5","127.9","128.2","128.4","129.3","129.5","129.9","130.5","130.5","130.6","130.7","130.8","131.4","131.6","131.4","131.8","131.5","131.7","131.6","132.0","132.5","132.9","133.3","133.3","133.6","133.6","133.6","133.9","133.9","134.3","134.6","134.9","133.4","132.1","132.0","133.1","133.1","133.6","134.0","134.2","134.9","135.4","136.2","136.4","136.5","136.9","137.3","137.7","138.4","139.3","139.9","140.7","141.2","141.9","142.9","143.8","145.2","145.6","147.7","148.9","148.7","148.2","148.7","149.6","150.0","149.7","150.0","150.2","150.3","151.0","151.3","151.6","152.3","153.4","153.7","153.5","154.0","154.2","154.0","154.2","154.6","155.2","155.8","155.7","156.1","156.1","155.9","156.3","156.6","157.3","157.8","158.6","158.0","157.3","157.9","158.3","158.3","158.5","159.1","159.3","159.5","159.8","159.8","160.3","161.2","161.8","162.6"
"All-items excluding food and energy","84.2","84.4","84.8","84.9","85.2","85.3","85.3","85.4","85.3","85.5","85.5","85.7","86.0","86.3","86.5","86.6","86.6","86.6","86.8","86.9","87.1","87.2","87.4","87.5","87.4","86.6","86.6","86.6","86.5","86.6","86.6","86.7","86.9","86.9","87.2","87.6","87.8","88.1","88.3","88.4","88.7","88.9","88.9","89.1","89.2","89.2","89.3","89.2","89.4","89.5","89.6","89.8","90.0","90.0","90.1","90.2","90.3","90.3","90.7","90.9","91.0","91.0","91.2","91.4","91.4","91.8","91.5","91.6","91.7","91.8","91.7","91.7","92.2","92.4","92.4","92.5","92.6","92.6","92.7","92.9","92.9","93.0","93.0","93.0","93.2","93.3","93.5","93.8","93.9","94.0","94.0","94.2","94.6","94.5","94.5","94.6","94.6","94.8","95.0","95.0","95.2","95.4","95.5","95.6","95.8","95.9","96.3","96.4","96.5","96.7","96.7","97.0","97.1","97.3","97.5","97.7","97.9","97.9","97.8","98.0","98.1","98.4","98.7","99.2","99.5","99.9","100.4","100.7","100.9","101.1","101.4","101.7","102.0","102.2","102.2","102.2","102.4","102.3","102.3","102.5","102.8","103.1","103.2","103.2","103.4","103.3","103.4","103.6","103.8","103.8","103.9","103.8","104.1","104.2","104.4","104.6","104.7","104.8","104.9","104.8","105.0","105.2","105.2","105.4","105.5","105.6","105.9","106.0","106.2","106.3","106.5","106.6","106.8","106.7","106.6","106.9","107.1","107.4","107.5","107.6","108.0","108.2","108.4","108.7","108.8","108.9","109.2","109.3","109.5","109.4","109.4","109.5","109.4","109.6","109.7","109.9","110.0","110.3","110.4","110.6","110.6","110.4","111.0","111.1","110.7","111.0","111.1","111.2","111.4","111.6","111.6","111.6","111.6","111.7","111.9","111.9","112.1","112.6","112.1","112.5","112.5","112.8","113.1","113.1","113.2","113.5","113.6","113.8","113.9","113.9","114.2","114.2","114.7","114.3","114.5","114.8","115.3","115.3","115.5","115.4","115.8","115.7","115.9","116.4","116.3","116.2","116.0","116.1","116.2","116.3","116.5","116.5","116.5","117.0","117.0","117.0","117.0","117.1","117.2","117.2","117.3","117.4","117.5","117.8","118.0","118.3","118.3","118.5","118.7","118.9","119.0","119.5","119.5","119.8","119.9","120.1","120.2","120.4","120.7","120.8","121.0","121.1","121.4","121.6","121.8","121.9","122.0","122.1","122.3","122.3","122.8","123.1","123.4","123.6","123.8","123.9","124.1","124.1","124.1","124.4","124.9","124.9","124.9","124.9","125.1","125.3","125.5","125.6","125.6","125.9","126.3","126.5","126.8","127.2","127.2","127.3","127.1","127.5","128.0","128.2","128.2","128.5","128.7","129.3","129.1","129.5","129.7","130.0","130.4","130.5","130.8","131.0","131.1","131.4","131.1","131.4","131.5","132.0","131.9","131.7","131.4","131.8","131.5","131.7","132.0","132.3","132.8","132.9","133.4","133.3","133.4","134.0","134.4","134.7","135.2","135.7","136.1","136.5","136.8","137.4","138.2","138.7","139.6","140.4","141.2","141.9","142.5","142.8","143.5","143.8","144.2","144.7","145.1","145.5","146.0","146.5","146.6","146.9","147.4","148.0","148.2","148.7","149.3","149.5","149.7","149.6","150.2","150.3","150.8","151.0","151.4","151.6","151.8","152.1","152.4","152.8","153.1","153.8","153.8","154.3","154.6","155.0","155.1","155.3","155.6","156.0","156.1","156.5","156.6","156.8","156.7","156.8","157.2"




Footnotes:
1,"The Consumer Price Index (CPI) is an indicator of the changes in consumer prices experienced by the target population. The CPI measures price change by comparing, over time, the cost of a fixed basket of goods and services. The CPI basket is based on the expenditures of the target population in a certain reference period. A list of baskets and reference periods is available in the <a href="https://www.statcan.gc.ca/en/statistical-programs/document/2301_D70_V1" rel="external noopener noreferrer" target="_blank"> Detailed chronology of basket updates and changes to the Consumer Price Index (CPI) (opens new window)</a> table, on the Statistics Canada website. Since a basket contains goods and services of unchanging or equivalent quantity and quality, the index reflects only pure price movements. Separate CPIs are published for Canada, the 10 provinces, Whitehorse, Yellowknife and Iqaluit. Some CPI information is also available for 16 additional cities. Since the CPI is a measure of price change from one time period to another, it cannot be used to indicate differences in price levels between provinces or cities.
"
2,"The Consumer Price Index (CPI) is not a cost-of-living index. The objective behind a cost-of-living index is to measure changes in expenditures necessary for consumers to maintain a constant standard of living. The idea is that consumers would normally switch between products as the price relationship of goods changes. If, for example, consumers get the same satisfaction from drinking tea as they do from coffee, then it is possible to substitute tea for coffee if the price of tea falls relative to the price of coffee. The cheaper of the interchangeable products may be chosen. We could compute a cost-of-living index for an individual if we had complete information about that person's taste and spending habits. To do this for a large number of people, let alone the total population of Canada, is impossible. For this reason, regularly published price indexes are based on the fixed-basket concept rather than the cost-of-living concept."
3,"The Consumer Price Index (CPI) compares, in percentage terms, prices in any given time period to prices in the official base period which, at present, is 2002=100. The official time base was changed from 1992=100 to 2002=100 starting with the May 2007 data released in June 2007. The change is strictly an arithmetic conversion, which alters the index levels but leaves the percentage changes between any two periods intact, except for differences in rounding."
4,"For concepts and definitions, see <a href="https://www150.statcan.gc.ca/n1/en/catalogue/62-557-X" rel="external noopener noreferrer" target="_blank"> Your Guide to the Consumer Price Index(opens new window)</a>, catalogue no. 62-557-X, or <a href="https://www150.statcan.gc.ca/n1/en/catalogue/62-553-X" rel="external noopener noreferrer" target="_blank"> The Canadian Consumer Price Index Reference Paper(opens new window)</a>, catalogue no. 62-553-X. Additional information can also be obtained by email from the <a href="mailto:statcan.cpddisseminationunit-dpcunitedediffusion.statcan@canada.ca" rel="external noopener noreferrer" target="_blank">Consumer Prices Division (opens new window)</a>."
5,"This table replaces table 18-10-0017-01 which was archived with the release of April 2007 data. Users can calculate and reproduce the data that was formally released in tables 18-10-0018-01 and 18-10-0019-01."
6,"A seasonally adjusted series is one from which seasonal movements have been eliminated. Each month, the previous month's seasonally adjusted index is subject to revision. On an annual basis, the seasonally adjusted values for the last three years are revised with the January data release. Users employing Consumer Price Index (CPI) data for indexation purposes are advised to use the unadjusted indexes. For more information on the availability and uses of seasonally adjusted CPI data, please see the <a href="http://www23.statcan.gc.ca/imdb/p2SV.pl?Function=getSurvey&Id=1212106#a2" rel="external noopener noreferrer" target="_blank">Data sources and methodology (opens new window)</a> section of <a href="http://www23.statcan.gc.ca/imdb/p2SV.pl?Function=getSurvey&Id=1212106" rel="external noopener noreferrer" target="_blank">survey (opens new window)</a>."
7,"From April 2020 to November 2021, and from January 2022 to February 2022, certain sub-indexes and components thereof were imputed using special approaches in either one, or more months. The affected indexes include child care services; housekeeping services; air transportation; personal care services; recreational services; travel tours; spectator entertainment; use of recreational facilities and services; beer served in licensed establishments; wine served in licensed establishments, and liquor served in licensed establishments. The details of these treatments from April 2020 to March 2021 are provided in technical supplements available through the <a href="https://www150.statcan.gc.ca/n1/en/catalogue/62F0014M" rel="external noopener noreferrer" target="_blank">Prices Analytical Series (opens new window)</a>. Starting in April 2021, details and treatments are available upon request by contacting the <a href="mailto:statcan.cpddisseminationunit-dpcunitedediffusion.statcan@statcan.gc.ca" rel="external noopener noreferrer" target="_blank">Consumer Prices Division (opens new window)</a>."
8,"The eight major components of the Consumer Price Index (CPI) basket are: "food", "shelter", "household operations, furnishings and equipment", "clothing and footwear", "transportation", "health and personal care", "recreation, education and reading", and "alcoholic beverages, tobacco products and recreational cannabis"."



"How to cite: Statistics Canada. Table 18-10-0006-01  Consumer Price Index, monthly, seasonally adjusted"
https://www150.statcan.gc.ca/t1/tbl1/en/tv.action?pid=1810000601